2014-10-29 02:30:00+00:00,Los Angeles Lakers,Houston Rockets
2014-10-29 00:00:00+00:00,New Orleans Pelicans,Orlando Magic
2014-10-29 00:00:00+00:00,San Antonio Spurs,Dallas Mavericks
2014-10-29 23:30:00+00:00,Boston Celtics,Brooklyn Nets
2014-10-29 23:00:00+00:00,Charlotte Hornets,Milwaukee Bucks
2014-10-30 01:00:00+00:00,Denver Nuggets,Detroit Pistons
2014-10-29 23:00:00+00:00,Indiana Pacers,Philadelphia 76ers
2014-10-30 00:00:00+00:00,Memphis Grizzlies,Minnesota Timberwolves
2014-10-29 23:30:00+00:00,Miami Heat,Washington Wizards
2014-10-30 00:00:00+00:00,New York Knicks,Chicago Bulls
2014-10-30 02:00:00+00:00,Phoenix Suns,Los Angeles Lakers
2014-10-30 02:30:00+00:00,Portland Trail Blazers,Oklahoma City Thunder
2014-10-30 02:00:00+00:00,Sacramento Kings,Golden State Warriors
2014-10-29 23:30:00+00:00,Toronto Raptors,Atlanta Hawks
2014-10-30 01:00:00+00:00,Utah Jazz,Houston Rockets
2014-10-31 00:00:00+00:00,Cleveland Cavaliers,New York Knicks
2014-10-31 00:30:00+00:00,Dallas Mavericks,Utah Jazz
2014-10-31 02:30:00+00:00,Los Angeles Clippers,Oklahoma City Thunder
2014-10-31 00:00:00+00:00,Minnesota Timberwolves,Detroit Pistons
2014-10-30 23:00:00+00:00,Orlando Magic,Washington Wizards
2014-11-01 00:00:00+00:00,Chicago Bulls,Cleveland Cavaliers
2014-10-31 23:00:00+00:00,Indiana Pacers,Memphis Grizzlies
2014-11-01 02:30:00+00:00,Los Angeles Lakers,Los Angeles Clippers
2014-11-01 00:30:00+00:00,Milwaukee Bucks,Philadelphia 76ers
2014-11-01 02:00:00+00:00,Phoenix Suns,San Antonio Spurs
2014-11-01 02:00:00+00:00,Sacramento Kings,Portland Trail Blazers
2014-11-01 23:30:00+00:00,Atlanta Hawks,Indiana Pacers
2014-11-01 23:00:00+00:00,Charlotte Hornets,Memphis Grizzlies
2014-11-01 23:30:00+00:00,Detroit Pistons,Brooklyn Nets
2014-11-02 02:30:00+00:00,Golden State Warriors,Los Angeles Lakers
2014-11-02 00:00:00+00:00,Houston Rockets,Boston Celtics
2014-11-02 00:00:00+00:00,Minnesota Timberwolves,Chicago Bulls
2014-11-01 23:00:00+00:00,New Orleans Pelicans,Dallas Mavericks
2014-11-02 00:00:00+00:00,Oklahoma City Thunder,Denver Nuggets
2014-11-01 23:00:00+00:00,Orlando Magic,Toronto Raptors
2014-11-01 23:00:00+00:00,Philadelphia 76ers,Miami Heat
2014-11-02 01:00:00+00:00,Utah Jazz,Phoenix Suns
2014-11-01 23:00:00+00:00,Washington Wizards,Milwaukee Bucks
2014-11-02 20:30:00+00:00,Los Angeles Clippers,Sacramento Kings
2014-11-02 23:00:00+00:00,Miami Heat,Toronto Raptors
2014-11-03 00:30:00+00:00,New York Knicks,Charlotte Hornets
2014-11-03 02:00:00+00:00,Portland Trail Blazers,Golden State Warriors
2014-11-04 00:30:00+00:00,Brooklyn Nets,Oklahoma City Thunder
2014-11-04 01:30:00+00:00,Dallas Mavericks,Boston Celtics
2014-11-04 02:00:00+00:00,Denver Nuggets,Sacramento Kings
2014-11-04 03:30:00+00:00,Los Angeles Clippers,Utah Jazz
2014-11-04 01:00:00+00:00,Memphis Grizzlies,New Orleans Pelicans
2014-11-04 00:00:00+00:00,Philadelphia 76ers,Houston Rockets
2014-11-05 01:00:00+00:00,Chicago Bulls,Orlando Magic
2014-11-05 00:00:00+00:00,Indiana Pacers,Milwaukee Bucks
2014-11-05 03:30:00+00:00,Los Angeles Lakers,Phoenix Suns
2014-11-05 00:30:00+00:00,Miami Heat,Houston Rockets
2014-11-05 01:00:00+00:00,New Orleans Pelicans,Charlotte Hornets
2014-11-05 00:30:00+00:00,New York Knicks,Washington Wizards
2014-11-05 03:00:00+00:00,Portland Trail Blazers,Cleveland Cavaliers
2014-11-05 00:30:00+00:00,Toronto Raptors,Oklahoma City Thunder
2014-11-06 00:30:00+00:00,Boston Celtics,Toronto Raptors
2014-11-06 00:30:00+00:00,Brooklyn Nets,Minnesota Timberwolves
2014-11-06 00:00:00+00:00,Charlotte Hornets,Miami Heat
2014-11-06 00:30:00+00:00,Detroit Pistons,New York Knicks
2014-11-06 03:30:00+00:00,Golden State Warriors,Los Angeles Clippers
2014-11-06 01:00:00+00:00,Milwaukee Bucks,Chicago Bulls
2014-11-06 00:00:00+00:00,Philadelphia 76ers,Orlando Magic
2014-11-06 02:00:00+00:00,Phoenix Suns,Memphis Grizzlies
2014-11-06 03:00:00+00:00,Sacramento Kings,Denver Nuggets
2014-11-06 01:30:00+00:00,San Antonio Spurs,Atlanta Hawks
2014-11-06 02:00:00+00:00,Utah Jazz,Cleveland Cavaliers
2014-11-06 01:00:00+00:00,Washington Wizards,Indiana Pacers
2014-11-07 01:00:00+00:00,Houston Rockets,San Antonio Spurs
2014-11-07 03:30:00+00:00,Portland Trail Blazers,Dallas Mavericks
2014-11-08 00:30:00+00:00,Boston Celtics,Indiana Pacers
2014-11-08 00:30:00+00:00,Brooklyn Nets,New York Knicks
2014-11-08 00:00:00+00:00,Charlotte Hornets,Atlanta Hawks
2014-11-08 03:30:00+00:00,Denver Nuggets,Cleveland Cavaliers
2014-11-08 00:30:00+00:00,Detroit Pistons,Milwaukee Bucks
2014-11-08 01:00:00+00:00,Oklahoma City Thunder,Memphis Grizzlies
2014-11-08 00:00:00+00:00,Orlando Magic,Minnesota Timberwolves
2014-11-08 00:00:00+00:00,Philadelphia 76ers,Chicago Bulls
2014-11-08 02:00:00+00:00,Phoenix Suns,Sacramento Kings
2014-11-08 00:30:00+00:00,Toronto Raptors,Washington Wizards
2014-11-08 02:00:00+00:00,Utah Jazz,Dallas Mavericks
2014-11-09 00:30:00+00:00,Atlanta Hawks,New York Knicks
2014-11-09 01:00:00+00:00,Chicago Bulls,Boston Celtics
2014-11-09 01:00:00+00:00,Houston Rockets,Golden State Warriors
2014-11-09 00:00:00+00:00,Indiana Pacers,Washington Wizards
2014-11-08 20:30:00+00:00,Los Angeles Clippers,Portland Trail Blazers
2014-11-09 00:30:00+00:00,Miami Heat,Minnesota Timberwolves
2014-11-09 01:30:00+00:00,Milwaukee Bucks,Memphis Grizzlies
2014-11-09 01:30:00+00:00,San Antonio Spurs,New Orleans Pelicans
2014-11-09 20:30:00+00:00,Brooklyn Nets,Orlando Magic
2014-11-10 00:30:00+00:00,Dallas Mavericks,Miami Heat
2014-11-09 23:00:00+00:00,Detroit Pistons,Utah Jazz
2014-11-10 02:30:00+00:00,Los Angeles Lakers,Charlotte Hornets
2014-11-10 00:00:00+00:00,Oklahoma City Thunder,Sacramento Kings
2014-11-10 01:00:00+00:00,Phoenix Suns,Golden State Warriors
2014-11-10 02:00:00+00:00,Portland Trail Blazers,Denver Nuggets
2014-11-10 00:00:00+00:00,Toronto Raptors,Philadelphia 76ers
2014-11-11 01:00:00+00:00,Chicago Bulls,Detroit Pistons
2014-11-11 00:00:00+00:00,Cleveland Cavaliers,New Orleans Pelicans
2014-11-11 00:00:00+00:00,Indiana Pacers,Utah Jazz
2014-11-11 03:30:00+00:00,Los Angeles Clippers,San Antonio Spurs
2014-11-11 00:30:00+00:00,New York Knicks,Atlanta Hawks
2014-11-12 01:30:00+00:00,Dallas Mavericks,Sacramento Kings
2014-11-12 03:30:00+00:00,Golden State Warriors,San Antonio Spurs
2014-11-12 01:00:00+00:00,Memphis Grizzlies,Los Angeles Lakers
2014-11-12 01:00:00+00:00,Milwaukee Bucks,Oklahoma City Thunder
2014-11-12 03:00:00+00:00,Portland Trail Blazers,Charlotte Hornets
2014-11-12 00:30:00+00:00,Toronto Raptors,Orlando Magic
2014-11-13 00:30:00+00:00,Atlanta Hawks,Utah Jazz
2014-11-13 00:30:00+00:00,Boston Celtics,Oklahoma City Thunder
2014-11-13 02:00:00+00:00,Denver Nuggets,Portland Trail Blazers
2014-11-13 00:30:00+00:00,Miami Heat,Indiana Pacers
2014-11-13 03:00:00+00:00,Minnesota Timberwolves,Houston Rockets
2014-11-13 01:00:00+00:00,New Orleans Pelicans,Los Angeles Lakers
2014-11-13 00:30:00+00:00,New York Knicks,Orlando Magic
2014-11-13 02:00:00+00:00,Phoenix Suns,Brooklyn Nets
2014-11-13 00:00:00+00:00,Washington Wizards,Detroit Pistons
2014-11-14 01:30:00+00:00,Dallas Mavericks,Philadelphia 76ers
2014-11-14 03:30:00+00:00,Golden State Warriors,Brooklyn Nets
2014-11-14 01:00:00+00:00,Memphis Grizzlies,Sacramento Kings
2014-11-14 01:00:00+00:00,Toronto Raptors,Chicago Bulls
2014-11-15 00:30:00+00:00,Atlanta Hawks,Miami Heat
2014-11-15 00:30:00+00:00,Boston Celtics,Cleveland Cavaliers
2014-11-15 01:00:00+00:00,Houston Rockets,Philadelphia 76ers
2014-11-15 00:00:00+00:00,Indiana Pacers,Denver Nuggets
2014-11-15 03:00:00+00:00,Los Angeles Lakers,San Antonio Spurs
2014-11-15 01:00:00+00:00,New Orleans Pelicans,Minnesota Timberwolves
2014-11-15 00:30:00+00:00,New York Knicks,Utah Jazz
2014-11-15 01:00:00+00:00,Oklahoma City Thunder,Detroit Pistons
2014-11-15 00:00:00+00:00,Orlando Magic,Milwaukee Bucks
2014-11-15 02:00:00+00:00,Phoenix Suns,Charlotte Hornets
2014-11-16 01:00:00+00:00,Chicago Bulls,Indiana Pacers
2014-11-16 00:30:00+00:00,Cleveland Cavaliers,Atlanta Hawks
2014-11-16 01:30:00+00:00,Dallas Mavericks,Minnesota Timberwolves
2014-11-16 03:30:00+00:00,Golden State Warriors,Charlotte Hornets
2014-11-16 03:30:00+00:00,Los Angeles Clippers,Phoenix Suns
2014-11-16 01:00:00+00:00,Memphis Grizzlies,Detroit Pistons
2014-11-16 03:00:00+00:00,Portland Trail Blazers,Brooklyn Nets
2014-11-16 03:00:00+00:00,Sacramento Kings,San Antonio Spurs
2014-11-16 00:30:00+00:00,Toronto Raptors,Utah Jazz
2014-11-16 00:00:00+00:00,Washington Wizards,Orlando Magic
2014-11-17 02:30:00+00:00,Los Angeles Lakers,Golden State Warriors
2014-11-16 23:00:00+00:00,Miami Heat,Milwaukee Bucks
2014-11-16 18:00:00+00:00,New York Knicks,Denver Nuggets
2014-11-17 00:00:00+00:00,Oklahoma City Thunder,Houston Rockets
2014-11-18 00:30:00+00:00,Boston Celtics,Phoenix Suns
2014-11-18 00:30:00+00:00,Brooklyn Nets,Miami Heat
2014-11-18 00:00:00+00:00,Charlotte Hornets,Dallas Mavericks
2014-11-18 00:00:00+00:00,Cleveland Cavaliers,Denver Nuggets
2014-11-18 00:30:00+00:00,Detroit Pistons,Orlando Magic
2014-11-18 03:30:00+00:00,Los Angeles Clippers,Chicago Bulls
2014-11-18 01:00:00+00:00,Memphis Grizzlies,Houston Rockets
2014-11-18 03:00:00+00:00,Portland Trail Blazers,New Orleans Pelicans
2014-11-18 01:30:00+00:00,San Antonio Spurs,Philadelphia 76ers
2014-11-19 00:30:00+00:00,Atlanta Hawks,Los Angeles Lakers
2014-11-19 01:00:00+00:00,Milwaukee Bucks,New York Knicks
2014-11-19 03:00:00+00:00,Sacramento Kings,New Orleans Pelicans
2014-11-19 02:00:00+00:00,Utah Jazz,Oklahoma City Thunder
2014-11-20 00:30:00+00:00,Brooklyn Nets,Milwaukee Bucks
2014-11-20 00:00:00+00:00,Cleveland Cavaliers,San Antonio Spurs
2014-11-20 02:00:00+00:00,Denver Nuggets,Oklahoma City Thunder
2014-11-20 00:30:00+00:00,Detroit Pistons,Phoenix Suns
2014-11-20 02:30:00+00:00,Houston Rockets,Los Angeles Lakers
2014-11-20 00:00:00+00:00,Indiana Pacers,Charlotte Hornets
2014-11-20 01:00:00+00:00,Minnesota Timberwolves,New York Knicks
2014-11-20 00:00:00+00:00,Orlando Magic,Los Angeles Clippers
2014-11-20 00:00:00+00:00,Philadelphia 76ers,Boston Celtics
2014-11-20 00:30:00+00:00,Toronto Raptors,Memphis Grizzlies
2014-11-20 00:00:00+00:00,Washington Wizards,Dallas Mavericks
2014-11-21 01:00:00+00:00,Miami Heat,Los Angeles Clippers
2014-11-21 03:30:00+00:00,Sacramento Kings,Chicago Bulls
2014-11-22 00:30:00+00:00,Atlanta Hawks,Detroit Pistons
2014-11-22 00:00:00+00:00,Charlotte Hornets,Orlando Magic
2014-11-22 01:30:00+00:00,Dallas Mavericks,Los Angeles Lakers
2014-11-22 02:00:00+00:00,Denver Nuggets,New Orleans Pelicans
2014-11-22 03:30:00+00:00,Golden State Warriors,Utah Jazz
2014-11-22 01:00:00+00:00,Memphis Grizzlies,Boston Celtics
2014-11-22 01:00:00+00:00,Minnesota Timberwolves,San Antonio Spurs
2014-11-22 01:00:00+00:00,Oklahoma City Thunder,Brooklyn Nets
2014-11-22 00:00:00+00:00,Philadelphia 76ers,Phoenix Suns
2014-11-22 03:30:00+00:00,Portland Trail Blazers,Chicago Bulls
2014-11-22 00:30:00+00:00,Toronto Raptors,Milwaukee Bucks
2014-11-22 01:00:00+00:00,Washington Wizards,Cleveland Cavaliers
2014-11-23 00:30:00+00:00,Cleveland Cavaliers,Toronto Raptors
2014-11-23 01:00:00+00:00,Houston Rockets,Dallas Mavericks
2014-11-23 00:00:00+00:00,Indiana Pacers,Phoenix Suns
2014-11-23 01:30:00+00:00,Milwaukee Bucks,Washington Wizards
2014-11-23 01:00:00+00:00,Minnesota Timberwolves,Sacramento Kings
2014-11-23 00:30:00+00:00,New York Knicks,Philadelphia 76ers
2014-11-23 00:00:00+00:00,Orlando Magic,Miami Heat
2014-11-23 01:30:00+00:00,San Antonio Spurs,Brooklyn Nets
2014-11-23 02:00:00+00:00,Utah Jazz,New Orleans Pelicans
2014-11-23 23:00:00+00:00,Boston Celtics,Portland Trail Blazers
2014-11-24 02:30:00+00:00,Los Angeles Lakers,Denver Nuggets
2014-11-23 23:00:00+00:00,Memphis Grizzlies,Los Angeles Clippers
2014-11-23 23:00:00+00:00,Miami Heat,Charlotte Hornets
2014-11-24 00:00:00+00:00,Oklahoma City Thunder,Golden State Warriors
2014-11-25 00:00:00+00:00,Charlotte Hornets,Los Angeles Clippers
2014-11-25 00:00:00+00:00,Cleveland Cavaliers,Orlando Magic
2014-11-25 01:30:00+00:00,Dallas Mavericks,Indiana Pacers
2014-11-25 01:00:00+00:00,Houston Rockets,New York Knicks
2014-11-25 00:00:00+00:00,Philadelphia 76ers,Portland Trail Blazers
2014-11-25 00:30:00+00:00,Toronto Raptors,Phoenix Suns
2014-11-25 02:00:00+00:00,Utah Jazz,Chicago Bulls
2014-11-26 02:00:00+00:00,Denver Nuggets,Chicago Bulls
2014-11-26 00:30:00+00:00,Miami Heat,Golden State Warriors
2014-11-26 01:00:00+00:00,Milwaukee Bucks,Detroit Pistons
2014-11-26 01:00:00+00:00,New Orleans Pelicans,Sacramento Kings
2014-11-26 00:00:00+00:00,Washington Wizards,Atlanta Hawks
2014-11-27 00:30:00+00:00,Atlanta Hawks,Toronto Raptors
2014-11-27 00:00:00+00:00,Charlotte Hornets,Portland Trail Blazers
2014-11-27 00:00:00+00:00,Cleveland Cavaliers,Washington Wizards
2014-11-27 00:30:00+00:00,Dallas Mavericks,New York Knicks
2014-11-27 00:30:00+00:00,Detroit Pistons,Los Angeles Clippers
2014-11-27 01:00:00+00:00,Houston Rockets,Sacramento Kings
2014-11-27 03:30:00+00:00,Los Angeles Lakers,Memphis Grizzlies
2014-11-27 01:00:00+00:00,Minnesota Timberwolves,Milwaukee Bucks
2014-11-27 01:00:00+00:00,Oklahoma City Thunder,Utah Jazz
2014-11-27 00:00:00+00:00,Orlando Magic,Golden State Warriors
2014-11-27 00:00:00+00:00,Philadelphia 76ers,Brooklyn Nets
2014-11-27 02:00:00+00:00,Phoenix Suns,Denver Nuggets
2014-11-27 01:30:00+00:00,San Antonio Spurs,Indiana Pacers
2014-11-29 00:30:00+00:00,Atlanta Hawks,New Orleans Pelicans
2014-11-28 18:00:00+00:00,Boston Celtics,Chicago Bulls
2014-11-29 00:00:00+00:00,Charlotte Hornets,Golden State Warriors
2014-11-29 02:00:00+00:00,Denver Nuggets,Phoenix Suns
2014-11-29 00:30:00+00:00,Detroit Pistons,Milwaukee Bucks
2014-11-29 01:00:00+00:00,Houston Rockets,Los Angeles Clippers
2014-11-29 01:00:00+00:00,Indiana Pacers,Orlando Magic
2014-11-29 03:30:00+00:00,Los Angeles Lakers,Minnesota Timberwolves
2014-11-29 01:00:00+00:00,Oklahoma City Thunder,New York Knicks
2014-11-29 03:00:00+00:00,Portland Trail Blazers,Memphis Grizzlies
2014-11-29 01:30:00+00:00,San Antonio Spurs,Sacramento Kings
2014-11-29 00:30:00+00:00,Toronto Raptors,Dallas Mavericks
2014-11-30 00:30:00+00:00,Atlanta Hawks,Charlotte Hornets
2014-11-30 00:30:00+00:00,Cleveland Cavaliers,Indiana Pacers
2014-11-30 02:00:00+00:00,Milwaukee Bucks,Houston Rockets
2014-11-30 00:00:00+00:00,Philadelphia 76ers,Dallas Mavericks
2014-11-30 02:00:00+00:00,Utah Jazz,Los Angeles Clippers
2014-11-30 00:00:00+00:00,Washington Wizards,New Orleans Pelicans
2014-11-30 18:00:00+00:00,Boston Celtics,San Antonio Spurs
2014-11-30 20:00:00+00:00,Brooklyn Nets,Chicago Bulls
2014-11-30 20:30:00+00:00,Detroit Pistons,Golden State Warriors
2014-12-01 02:30:00+00:00,Los Angeles Lakers,Toronto Raptors
2014-12-01 00:30:00+00:00,New York Knicks,Miami Heat
2014-12-01 01:00:00+00:00,Phoenix Suns,Orlando Magic
2014-12-01 02:00:00+00:00,Portland Trail Blazers,Minnesota Timberwolves
2014-11-30 23:00:00+00:00,Sacramento Kings,Memphis Grizzlies
2014-12-02 03:30:00+00:00,Los Angeles Clippers,Minnesota Timberwolves
2014-12-02 00:00:00+00:00,Philadelphia 76ers,San Antonio Spurs
2014-12-02 02:00:00+00:00,Utah Jazz,Denver Nuggets
2014-12-02 00:00:00+00:00,Washington Wizards,Miami Heat
2014-12-03 00:30:00+00:00,Atlanta Hawks,Boston Celtics
2014-12-03 01:00:00+00:00,Chicago Bulls,Dallas Mavericks
2014-12-03 00:00:00+00:00,Cleveland Cavaliers,Milwaukee Bucks
2014-12-03 02:00:00+00:00,Denver Nuggets,Portland Trail Blazers
2014-12-03 00:30:00+00:00,Detroit Pistons,Los Angeles Lakers
2014-12-03 03:30:00+00:00,Golden State Warriors,Orlando Magic
2014-12-03 01:00:00+00:00,New Orleans Pelicans,Oklahoma City Thunder
2014-12-03 00:30:00+00:00,New York Knicks,Brooklyn Nets
2014-12-03 02:00:00+00:00,Phoenix Suns,Indiana Pacers
2014-12-03 03:00:00+00:00,Sacramento Kings,Toronto Raptors
2014-12-04 00:30:00+00:00,Boston Celtics,Detroit Pistons
2014-12-04 00:30:00+00:00,Brooklyn Nets,San Antonio Spurs
2014-12-04 00:00:00+00:00,Charlotte Hornets,Chicago Bulls
2014-12-04 01:00:00+00:00,Houston Rockets,Memphis Grizzlies
2014-12-04 03:30:00+00:00,Los Angeles Clippers,Orlando Magic
2014-12-04 00:30:00+00:00,Miami Heat,Atlanta Hawks
2014-12-04 01:00:00+00:00,Milwaukee Bucks,Dallas Mavericks
2014-12-04 01:00:00+00:00,Minnesota Timberwolves,Philadelphia 76ers
2014-12-04 02:00:00+00:00,Utah Jazz,Toronto Raptors
2014-12-04 00:00:00+00:00,Washington Wizards,Los Angeles Lakers
2014-12-05 03:30:00+00:00,Golden State Warriors,New Orleans Pelicans
2014-12-05 01:00:00+00:00,New York Knicks,Cleveland Cavaliers
2014-12-05 03:00:00+00:00,Portland Trail Blazers,Indiana Pacers
2014-12-06 00:30:00+00:00,Boston Celtics,Los Angeles Lakers
2014-12-06 00:30:00+00:00,Brooklyn Nets,Atlanta Hawks
2014-12-06 00:00:00+00:00,Charlotte Hornets,New York Knicks
2014-12-06 01:30:00+00:00,Dallas Mavericks,Phoenix Suns
2014-12-06 01:00:00+00:00,Memphis Grizzlies,San Antonio Spurs
2014-12-06 01:30:00+00:00,Milwaukee Bucks,Miami Heat
2014-12-06 01:00:00+00:00,Minnesota Timberwolves,Houston Rockets
2014-12-06 00:00:00+00:00,Philadelphia 76ers,Oklahoma City Thunder
2014-12-06 03:00:00+00:00,Sacramento Kings,Indiana Pacers
2014-12-06 00:30:00+00:00,Toronto Raptors,Cleveland Cavaliers
2014-12-06 02:00:00+00:00,Utah Jazz,Orlando Magic
2014-12-06 00:00:00+00:00,Washington Wizards,Denver Nuggets
2014-12-07 01:00:00+00:00,Chicago Bulls,Golden State Warriors
2014-12-07 00:30:00+00:00,Detroit Pistons,Philadelphia 76ers
2014-12-07 01:00:00+00:00,Houston Rockets,Phoenix Suns
2014-12-07 03:30:00+00:00,Los Angeles Clippers,New Orleans Pelicans
2014-12-07 03:00:00+00:00,Sacramento Kings,Orlando Magic
2014-12-07 01:30:00+00:00,San Antonio Spurs,Minnesota Timberwolves
2014-12-07 20:30:00+00:00,Atlanta Hawks,Denver Nuggets
2014-12-07 18:00:00+00:00,Boston Celtics,Washington Wizards
2014-12-08 00:30:00+00:00,Dallas Mavericks,Milwaukee Bucks
2014-12-07 23:00:00+00:00,Detroit Pistons,Oklahoma City Thunder
2014-12-08 02:30:00+00:00,Los Angeles Lakers,New Orleans Pelicans
2014-12-07 23:00:00+00:00,Memphis Grizzlies,Miami Heat
2014-12-08 00:30:00+00:00,New York Knicks,Portland Trail Blazers
2014-12-09 00:30:00+00:00,Brooklyn Nets,Cleveland Cavaliers
2014-12-09 00:00:00+00:00,Indiana Pacers,Atlanta Hawks
2014-12-09 03:30:00+00:00,Los Angeles Clippers,Phoenix Suns
2014-12-09 01:00:00+00:00,Minnesota Timberwolves,Golden State Warriors
2014-12-09 03:00:00+00:00,Sacramento Kings,Utah Jazz
2014-12-09 00:30:00+00:00,Toronto Raptors,Denver Nuggets
2014-12-09 00:00:00+00:00,Washington Wizards,Boston Celtics
2014-12-10 00:00:00+00:00,Cleveland Cavaliers,Toronto Raptors
2014-12-10 00:30:00+00:00,Detroit Pistons,Portland Trail Blazers
2014-12-10 03:30:00+00:00,Los Angeles Lakers,Sacramento Kings
2014-12-10 01:00:00+00:00,Memphis Grizzlies,Dallas Mavericks
2014-12-10 01:00:00+00:00,New Orleans Pelicans,New York Knicks
2014-12-10 01:00:00+00:00,Oklahoma City Thunder,Milwaukee Bucks
2014-12-10 02:00:00+00:00,Phoenix Suns,Miami Heat
2014-12-10 02:00:00+00:00,Utah Jazz,San Antonio Spurs
2014-12-11 00:30:00+00:00,Atlanta Hawks,Philadelphia 76ers
2014-12-11 01:00:00+00:00,Chicago Bulls,Brooklyn Nets
2014-12-11 00:00:00+00:00,Charlotte Hornets,Boston Celtics
2014-12-11 01:00:00+00:00,Dallas Mavericks,New Orleans Pelicans
2014-12-11 03:30:00+00:00,Denver Nuggets,Miami Heat
2014-12-11 03:30:00+00:00,Golden State Warriors,Houston Rockets
2014-12-11 00:00:00+00:00,Indiana Pacers,Los Angeles Clippers
2014-12-11 01:00:00+00:00,Minnesota Timberwolves,Portland Trail Blazers
2014-12-11 00:00:00+00:00,Orlando Magic,Washington Wizards
2014-12-11 01:30:00+00:00,San Antonio Spurs,New York Knicks
2014-12-12 01:00:00+00:00,Oklahoma City Thunder,Cleveland Cavaliers
2014-12-12 03:30:00+00:00,Sacramento Kings,Houston Rockets
2014-12-13 00:30:00+00:00,Atlanta Hawks,Orlando Magic
2014-12-13 00:30:00+00:00,Boston Celtics,New York Knicks
2014-12-13 00:30:00+00:00,Brooklyn Nets,Philadelphia 76ers
2014-12-13 00:00:00+00:00,Chicago Bulls,Portland Trail Blazers
2014-12-13 01:00:00+00:00,Memphis Grizzlies,Charlotte Hornets
2014-12-13 01:00:00+00:00,Minnesota Timberwolves,Oklahoma City Thunder
2014-12-13 01:00:00+00:00,New Orleans Pelicans,Cleveland Cavaliers
2014-12-13 02:00:00+00:00,Phoenix Suns,Detroit Pistons
2014-12-13 02:30:00+00:00,San Antonio Spurs,Los Angeles Lakers
2014-12-13 00:30:00+00:00,Toronto Raptors,Indiana Pacers
2014-12-13 02:00:00+00:00,Utah Jazz,Miami Heat
2014-12-13 00:00:00+00:00,Washington Wizards,Los Angeles Clippers
2014-12-14 00:00:00+00:00,Charlotte Hornets,Brooklyn Nets
2014-12-13 19:00:00+00:00,Dallas Mavericks,Golden State Warriors
2014-12-14 01:00:00+00:00,Houston Rockets,Denver Nuggets
2014-12-14 00:00:00+00:00,Indiana Pacers,Portland Trail Blazers
2014-12-14 00:30:00+00:00,Milwaukee Bucks,Los Angeles Clippers
2014-12-14 00:00:00+00:00,Orlando Magic,Atlanta Hawks
2014-12-14 00:30:00+00:00,Philadelphia 76ers,Memphis Grizzlies
2014-12-14 03:00:00+00:00,Sacramento Kings,Detroit Pistons
2014-12-15 01:00:00+00:00,Denver Nuggets,San Antonio Spurs
2014-12-14 23:00:00+00:00,Miami Heat,Chicago Bulls
2014-12-15 00:00:00+00:00,Minnesota Timberwolves,Los Angeles Lakers
2014-12-14 23:00:00+00:00,New Orleans Pelicans,Golden State Warriors
2014-12-15 00:30:00+00:00,New York Knicks,Toronto Raptors
2014-12-15 00:00:00+00:00,Oklahoma City Thunder,Phoenix Suns
2014-12-14 23:00:00+00:00,Washington Wizards,Utah Jazz
2014-12-16 00:30:00+00:00,Atlanta Hawks,Chicago Bulls
2014-12-16 00:00:00+00:00,Cleveland Cavaliers,Charlotte Hornets
2014-12-16 00:00:00+00:00,Indiana Pacers,Los Angeles Lakers
2014-12-16 03:30:00+00:00,Los Angeles Clippers,Detroit Pistons
2014-12-16 00:00:00+00:00,Philadelphia 76ers,Boston Celtics
2014-12-16 02:00:00+00:00,Phoenix Suns,Milwaukee Bucks
2014-12-16 03:00:00+00:00,Portland Trail Blazers,San Antonio Spurs
2014-12-16 00:30:00+00:00,Toronto Raptors,Orlando Magic
2014-12-17 00:30:00+00:00,Brooklyn Nets,Miami Heat
2014-12-17 01:00:00+00:00,Memphis Grizzlies,Golden State Warriors
2014-12-17 01:00:00+00:00,New Orleans Pelicans,Utah Jazz
2014-12-17 01:00:00+00:00,New York Knicks,Dallas Mavericks
2014-12-17 03:30:00+00:00,Sacramento Kings,Oklahoma City Thunder
2014-12-17 00:00:00+00:00,Washington Wizards,Minnesota Timberwolves
2014-12-18 00:30:00+00:00,Boston Celtics,Orlando Magic
2014-12-18 00:00:00+00:00,Charlotte Hornets,Phoenix Suns
2014-12-18 00:00:00+00:00,Cleveland Cavaliers,Atlanta Hawks
2014-12-18 03:30:00+00:00,Denver Nuggets,Houston Rockets
2014-12-18 00:30:00+00:00,Detroit Pistons,Dallas Mavericks
2014-12-18 03:30:00+00:00,Los Angeles Clippers,Indiana Pacers
2014-12-18 00:30:00+00:00,Miami Heat,Utah Jazz
2014-12-18 03:00:00+00:00,Portland Trail Blazers,Milwaukee Bucks
2014-12-18 01:30:00+00:00,San Antonio Spurs,Memphis Grizzlies
2014-12-18 01:00:00+00:00,Toronto Raptors,Brooklyn Nets
2014-12-19 01:00:00+00:00,Chicago Bulls,New York Knicks
2014-12-19 03:30:00+00:00,Golden State Warriors,Oklahoma City Thunder
2014-12-19 01:30:00+00:00,Houston Rockets,New Orleans Pelicans
2014-12-19 03:00:00+00:00,Sacramento Kings,Milwaukee Bucks
2014-12-20 00:30:00+00:00,Boston Celtics,Minnesota Timberwolves
2014-12-20 00:30:00+00:00,Cleveland Cavaliers,Brooklyn Nets
2014-12-20 02:00:00+00:00,Denver Nuggets,Los Angeles Clippers
2014-12-20 00:30:00+00:00,Detroit Pistons,Toronto Raptors
2014-12-20 03:30:00+00:00,Los Angeles Lakers,Oklahoma City Thunder
2014-12-20 01:00:00+00:00,Memphis Grizzlies,Chicago Bulls
2014-12-20 00:30:00+00:00,Miami Heat,Washington Wizards
2014-12-20 00:00:00+00:00,Orlando Magic,Utah Jazz
2014-12-20 00:00:00+00:00,Philadelphia 76ers,Charlotte Hornets
2014-12-20 01:00:00+00:00,San Antonio Spurs,Portland Trail Blazers
2014-12-21 00:00:00+00:00,Charlotte Hornets,Utah Jazz
2014-12-21 01:30:00+00:00,Dallas Mavericks,San Antonio Spurs
2014-12-21 02:00:00+00:00,Denver Nuggets,Indiana Pacers
2014-12-21 01:00:00+00:00,Houston Rockets,Atlanta Hawks
2014-12-21 03:30:00+00:00,Los Angeles Clippers,Milwaukee Bucks
2014-12-21 00:00:00+00:00,New Orleans Pelicans,Portland Trail Blazers
2014-12-20 18:00:00+00:00,New York Knicks,Phoenix Suns
2014-12-21 23:00:00+00:00,Brooklyn Nets,Detroit Pistons
2014-12-21 21:30:00+00:00,Cleveland Cavaliers,Memphis Grizzlies
2014-12-21 23:00:00+00:00,Miami Heat,Boston Celtics
2014-12-22 00:00:00+00:00,Minnesota Timberwolves,Indiana Pacers
2014-12-22 00:00:00+00:00,Oklahoma City Thunder,New Orleans Pelicans
2014-12-21 23:00:00+00:00,Orlando Magic,Philadelphia 76ers
2014-12-21 23:00:00+00:00,Sacramento Kings,Los Angeles Lakers
2014-12-21 20:30:00+00:00,Toronto Raptors,New York Knicks
2014-12-21 23:00:00+00:00,Washington Wizards,Phoenix Suns
2014-12-23 01:00:00+00:00,Chicago Bulls,Toronto Raptors
2014-12-23 00:00:00+00:00,Charlotte Hornets,Denver Nuggets
2014-12-23 01:30:00+00:00,Dallas Mavericks,Atlanta Hawks
2014-12-23 03:30:00+00:00,Golden State Warriors,Sacramento Kings
2014-12-23 01:00:00+00:00,Houston Rockets,Portland Trail Blazers
2014-12-23 01:00:00+00:00,Memphis Grizzlies,Utah Jazz
2014-12-23 01:30:00+00:00,San Antonio Spurs,Los Angeles Clippers
2014-12-24 00:30:00+00:00,Atlanta Hawks,Los Angeles Clippers
2014-12-24 00:30:00+00:00,Brooklyn Nets,Denver Nuggets
2014-12-24 00:00:00+00:00,Cleveland Cavaliers,Minnesota Timberwolves
2014-12-24 00:00:00+00:00,Indiana Pacers,New Orleans Pelicans
2014-12-24 03:30:00+00:00,Los Angeles Lakers,Golden State Warriors
2014-12-24 00:30:00+00:00,Miami Heat,Philadelphia 76ers
2014-12-24 01:00:00+00:00,Milwaukee Bucks,Charlotte Hornets
2014-12-24 01:00:00+00:00,Oklahoma City Thunder,Portland Trail Blazers
2014-12-24 00:00:00+00:00,Orlando Magic,Boston Celtics
2014-12-24 02:00:00+00:00,Phoenix Suns,Dallas Mavericks
2014-12-24 00:00:00+00:00,Washington Wizards,Chicago Bulls
2014-12-26 01:00:00+00:00,Chicago Bulls,Los Angeles Lakers
2014-12-26 03:30:00+00:00,Los Angeles Clippers,Golden State Warriors
2014-12-25 22:00:00+00:00,Miami Heat,Cleveland Cavaliers
2014-12-25 17:00:00+00:00,New York Knicks,Washington Wizards
2014-12-25 19:30:00+00:00,San Antonio Spurs,Oklahoma City Thunder
2014-12-27 00:30:00+00:00,Atlanta Hawks,Milwaukee Bucks
2014-12-26 18:00:00+00:00,Boston Celtics,Brooklyn Nets
2014-12-27 01:30:00+00:00,Dallas Mavericks,Los Angeles Lakers
2014-12-27 02:00:00+00:00,Denver Nuggets,Minnesota Timberwolves
2014-12-27 00:30:00+00:00,Detroit Pistons,Indiana Pacers
2014-12-27 01:00:00+00:00,Memphis Grizzlies,Houston Rockets
2014-12-27 01:00:00+00:00,New Orleans Pelicans,San Antonio Spurs
2014-12-27 01:00:00+00:00,Oklahoma City Thunder,Charlotte Hornets
2014-12-27 00:00:00+00:00,Orlando Magic,Cleveland Cavaliers
2014-12-27 03:00:00+00:00,Portland Trail Blazers,Philadelphia 76ers
2014-12-27 03:00:00+00:00,Sacramento Kings,Phoenix Suns
2014-12-28 01:00:00+00:00,Brooklyn Nets,Indiana Pacers
2014-12-28 01:00:00+00:00,Chicago Bulls,New Orleans Pelicans
2014-12-28 00:00:00+00:00,Charlotte Hornets,Orlando Magic
2014-12-28 03:30:00+00:00,Golden State Warriors,Minnesota Timberwolves
2014-12-27 20:30:00+00:00,Los Angeles Clippers,Toronto Raptors
2014-12-28 00:30:00+00:00,Miami Heat,Memphis Grizzlies
2014-12-28 01:30:00+00:00,Milwaukee Bucks,Atlanta Hawks
2014-12-28 03:00:00+00:00,Sacramento Kings,New York Knicks
2014-12-28 02:00:00+00:00,Utah Jazz,Philadelphia 76ers
2014-12-28 00:00:00+00:00,Washington Wizards,Boston Celtics
2014-12-28 21:30:00+00:00,Cleveland Cavaliers,Detroit Pistons
2014-12-29 00:30:00+00:00,Dallas Mavericks,Oklahoma City Thunder
2014-12-29 02:00:00+00:00,Denver Nuggets,Toronto Raptors
2014-12-29 02:30:00+00:00,Los Angeles Lakers,Phoenix Suns
2014-12-29 02:00:00+00:00,Portland Trail Blazers,New York Knicks
2014-12-29 00:00:00+00:00,San Antonio Spurs,Houston Rockets
2014-12-30 00:30:00+00:00,Brooklyn Nets,Sacramento Kings
2014-12-30 00:00:00+00:00,Charlotte Hornets,Milwaukee Bucks
2014-12-30 01:00:00+00:00,Houston Rockets,Washington Wizards
2014-12-30 00:00:00+00:00,Indiana Pacers,Chicago Bulls
2014-12-30 03:30:00+00:00,Los Angeles Clippers,Utah Jazz
2014-12-30 00:30:00+00:00,Miami Heat,Orlando Magic
2014-12-31 00:30:00+00:00,Atlanta Hawks,Cleveland Cavaliers
2014-12-31 01:00:00+00:00,Chicago Bulls,Brooklyn Nets
2014-12-31 01:30:00+00:00,Dallas Mavericks,Washington Wizards
2014-12-31 02:00:00+00:00,Denver Nuggets,Los Angeles Lakers
2014-12-31 03:30:00+00:00,Golden State Warriors,Philadelphia 76ers
2014-12-31 01:00:00+00:00,Memphis Grizzlies,San Antonio Spurs
2014-12-31 01:00:00+00:00,New Orleans Pelicans,Phoenix Suns
2014-12-31 00:00:00+00:00,Orlando Magic,Detroit Pistons
2014-12-31 03:00:00+00:00,Portland Trail Blazers,Toronto Raptors
2014-12-31 02:00:00+00:00,Utah Jazz,Minnesota Timberwolves
2014-12-31 18:00:00+00:00,Boston Celtics,Sacramento Kings
2015-01-01 00:00:00+00:00,Cleveland Cavaliers,Milwaukee Bucks
2015-01-01 00:00:00+00:00,Houston Rockets,Charlotte Hornets
2014-12-31 20:00:00+00:00,Indiana Pacers,Miami Heat
2014-12-31 23:00:00+00:00,Los Angeles Clippers,New York Knicks
2015-01-01 01:00:00+00:00,Oklahoma City Thunder,Phoenix Suns
2015-01-01 00:00:00+00:00,San Antonio Spurs,New Orleans Pelicans
2015-01-02 01:00:00+00:00,Chicago Bulls,Denver Nuggets
2015-01-02 01:00:00+00:00,Minnesota Timberwolves,Sacramento Kings
2015-01-03 00:30:00+00:00,Boston Celtics,Dallas Mavericks
2015-01-03 00:00:00+00:00,Charlotte Hornets,Cleveland Cavaliers
2015-01-03 03:30:00+00:00,Golden State Warriors,Toronto Raptors
2015-01-03 03:30:00+00:00,Los Angeles Lakers,Memphis Grizzlies
2015-01-03 01:30:00+00:00,Milwaukee Bucks,Indiana Pacers
2015-01-03 01:00:00+00:00,New Orleans Pelicans,Houston Rockets
2015-01-03 00:30:00+00:00,New York Knicks,Detroit Pistons
2015-01-03 01:00:00+00:00,Oklahoma City Thunder,Washington Wizards
2015-01-03 00:00:00+00:00,Orlando Magic,Brooklyn Nets
2015-01-03 02:00:00+00:00,Phoenix Suns,Philadelphia 76ers
2015-01-03 02:00:00+00:00,Utah Jazz,Atlanta Hawks
2015-01-04 01:00:00+00:00,Chicago Bulls,Boston Celtics
2015-01-04 02:00:00+00:00,Denver Nuggets,Memphis Grizzlies
2015-01-04 01:00:00+00:00,Houston Rockets,Miami Heat
2015-01-04 03:30:00+00:00,Los Angeles Clippers,Philadelphia 76ers
2015-01-04 01:00:00+00:00,Minnesota Timberwolves,Utah Jazz
2015-01-04 00:00:00+00:00,Orlando Magic,Charlotte Hornets
2015-01-04 03:00:00+00:00,Portland Trail Blazers,Atlanta Hawks
2015-01-04 01:30:00+00:00,San Antonio Spurs,Washington Wizards
2015-01-04 18:00:00+00:00,Cleveland Cavaliers,Dallas Mavericks
2015-01-04 23:00:00+00:00,Detroit Pistons,Sacramento Kings
2015-01-05 02:30:00+00:00,Los Angeles Lakers,Indiana Pacers
2015-01-04 23:00:00+00:00,Miami Heat,Brooklyn Nets
2015-01-05 00:30:00+00:00,New York Knicks,Milwaukee Bucks
2015-01-05 01:00:00+00:00,Phoenix Suns,Toronto Raptors
2015-01-06 00:30:00+00:00,Boston Celtics,Charlotte Hornets
2015-01-06 00:30:00+00:00,Brooklyn Nets,Dallas Mavericks
2015-01-06 01:00:00+00:00,Chicago Bulls,Houston Rockets
2015-01-06 03:30:00+00:00,Golden State Warriors,Oklahoma City Thunder
2015-01-06 03:30:00+00:00,Los Angeles Clippers,Atlanta Hawks
2015-01-06 01:00:00+00:00,Memphis Grizzlies,New York Knicks
2015-01-06 01:00:00+00:00,Minnesota Timberwolves,Denver Nuggets
2015-01-06 01:00:00+00:00,New Orleans Pelicans,Washington Wizards
2015-01-06 00:00:00+00:00,Philadelphia 76ers,Cleveland Cavaliers
2015-01-06 03:00:00+00:00,Portland Trail Blazers,Los Angeles Lakers
2015-01-06 02:00:00+00:00,Utah Jazz,Indiana Pacers
2015-01-07 01:00:00+00:00,Milwaukee Bucks,Phoenix Suns
2015-01-07 01:30:00+00:00,San Antonio Spurs,Detroit Pistons
2015-01-08 00:30:00+00:00,Atlanta Hawks,Memphis Grizzlies
2015-01-08 00:30:00+00:00,Brooklyn Nets,Boston Celtics
2015-01-08 01:00:00+00:00,Chicago Bulls,Utah Jazz
2015-01-08 00:00:00+00:00,Charlotte Hornets,New Orleans Pelicans
2015-01-08 00:00:00+00:00,Cleveland Cavaliers,Houston Rockets
2015-01-08 01:30:00+00:00,Dallas Mavericks,Detroit Pistons
2015-01-08 02:00:00+00:00,Denver Nuggets,Orlando Magic
2015-01-08 03:30:00+00:00,Golden State Warriors,Indiana Pacers
2015-01-08 03:30:00+00:00,Los Angeles Clippers,Los Angeles Lakers
2015-01-08 02:30:00+00:00,Minnesota Timberwolves,Phoenix Suns
2015-01-08 00:00:00+00:00,Philadelphia 76ers,Milwaukee Bucks
2015-01-08 03:00:00+00:00,Sacramento Kings,Oklahoma City Thunder
2015-01-08 00:00:00+00:00,Washington Wizards,New York Knicks
2015-01-09 01:00:00+00:00,New York Knicks,Houston Rockets
2015-01-09 03:30:00+00:00,Portland Trail Blazers,Miami Heat
2015-01-09 00:30:00+00:00,Toronto Raptors,Charlotte Hornets
2015-01-10 00:30:00+00:00,Brooklyn Nets,Philadelphia 76ers
2015-01-10 00:30:00+00:00,Detroit Pistons,Atlanta Hawks
2015-01-10 03:30:00+00:00,Golden State Warriors,Cleveland Cavaliers
2015-01-10 00:00:00+00:00,Indiana Pacers,Boston Celtics
2015-01-10 03:30:00+00:00,Los Angeles Lakers,Orlando Magic
2015-01-10 01:30:00+00:00,Milwaukee Bucks,Minnesota Timberwolves
2015-01-10 01:00:00+00:00,New Orleans Pelicans,Memphis Grizzlies
2015-01-10 01:00:00+00:00,Oklahoma City Thunder,Utah Jazz
2015-01-10 03:00:00+00:00,Sacramento Kings,Denver Nuggets
2015-01-10 01:30:00+00:00,San Antonio Spurs,Phoenix Suns
2015-01-10 01:00:00+00:00,Washington Wizards,Chicago Bulls
2015-01-11 01:00:00+00:00,Chicago Bulls,Milwaukee Bucks
2015-01-11 00:30:00+00:00,Detroit Pistons,Brooklyn Nets
2015-01-11 01:00:00+00:00,Houston Rockets,Utah Jazz
2015-01-10 20:30:00+00:00,Los Angeles Clippers,Dallas Mavericks
2015-01-11 01:00:00+00:00,Minnesota Timberwolves,San Antonio Spurs
2015-01-10 18:00:00+00:00,New York Knicks,Charlotte Hornets
2015-01-11 00:30:00+00:00,Philadelphia 76ers,Indiana Pacers
2015-01-11 03:00:00+00:00,Portland Trail Blazers,Orlando Magic
2015-01-11 00:30:00+00:00,Toronto Raptors,Boston Celtics
2015-01-11 20:00:00+00:00,Atlanta Hawks,Washington Wizards
2015-01-11 20:30:00+00:00,Los Angeles Clippers,Miami Heat
2015-01-12 02:30:00+00:00,Los Angeles Lakers,Portland Trail Blazers
2015-01-11 23:00:00+00:00,Memphis Grizzlies,Phoenix Suns
2015-01-12 02:00:00+00:00,Sacramento Kings,Cleveland Cavaliers
2015-01-13 00:30:00+00:00,Boston Celtics,New Orleans Pelicans
2015-01-13 00:30:00+00:00,Brooklyn Nets,Houston Rockets
2015-01-13 01:00:00+00:00,Chicago Bulls,Orlando Magic
2015-01-13 00:30:00+00:00,Toronto Raptors,Detroit Pistons
2015-01-14 00:00:00+00:00,Indiana Pacers,Minnesota Timberwolves
2015-01-14 03:30:00+00:00,Los Angeles Lakers,Miami Heat
2015-01-14 00:00:00+00:00,Philadelphia 76ers,Atlanta Hawks
2015-01-14 02:00:00+00:00,Phoenix Suns,Cleveland Cavaliers
2015-01-14 03:00:00+00:00,Sacramento Kings,Dallas Mavericks
2015-01-14 02:00:00+00:00,Utah Jazz,Golden State Warriors
2015-01-14 00:00:00+00:00,Washington Wizards,San Antonio Spurs
2015-01-15 01:00:00+00:00,Boston Celtics,Atlanta Hawks
2015-01-15 00:30:00+00:00,Brooklyn Nets,Memphis Grizzlies
2015-01-15 01:00:00+00:00,Chicago Bulls,Washington Wizards
2015-01-15 00:00:00+00:00,Charlotte Hornets,San Antonio Spurs
2015-01-15 02:00:00+00:00,Denver Nuggets,Dallas Mavericks
2015-01-15 00:30:00+00:00,Detroit Pistons,New Orleans Pelicans
2015-01-15 03:30:00+00:00,Golden State Warriors,Miami Heat
2015-01-15 00:00:00+00:00,Orlando Magic,Houston Rockets
2015-01-15 03:30:00+00:00,Portland Trail Blazers,Los Angeles Clippers
2015-01-15 00:30:00+00:00,Toronto Raptors,Philadelphia 76ers
2015-01-16 01:00:00+00:00,Houston Rockets,Oklahoma City Thunder
2015-01-16 03:30:00+00:00,Los Angeles Lakers,Cleveland Cavaliers
2015-01-15 20:00:00+00:00,Milwaukee Bucks,New York Knicks
2015-01-17 00:30:00+00:00,Boston Celtics,Chicago Bulls
2015-01-17 01:30:00+00:00,Dallas Mavericks,Denver Nuggets
2015-01-17 00:00:00+00:00,Indiana Pacers,Detroit Pistons
2015-01-17 03:30:00+00:00,Los Angeles Clippers,Cleveland Cavaliers
2015-01-17 01:00:00+00:00,Oklahoma City Thunder,Golden State Warriors
2015-01-17 00:00:00+00:00,Orlando Magic,Memphis Grizzlies
2015-01-17 00:00:00+00:00,Philadelphia 76ers,New Orleans Pelicans
2015-01-17 02:00:00+00:00,Phoenix Suns,Minnesota Timberwolves
2015-01-17 03:00:00+00:00,Sacramento Kings,Miami Heat
2015-01-17 01:30:00+00:00,San Antonio Spurs,Portland Trail Blazers
2015-01-17 00:30:00+00:00,Toronto Raptors,Atlanta Hawks
2015-01-17 02:00:00+00:00,Utah Jazz,Los Angeles Lakers
2015-01-17 00:00:00+00:00,Washington Wizards,Brooklyn Nets
2015-01-18 01:00:00+00:00,Brooklyn Nets,Washington Wizards
2015-01-18 01:00:00+00:00,Chicago Bulls,Atlanta Hawks
2015-01-18 00:00:00+00:00,Charlotte Hornets,Indiana Pacers
2015-01-18 02:00:00+00:00,Denver Nuggets,Minnesota Timberwolves
2015-01-18 00:30:00+00:00,Detroit Pistons,Philadelphia 76ers
2015-01-18 01:00:00+00:00,Houston Rockets,Golden State Warriors
2015-01-18 02:00:00+00:00,Memphis Grizzlies,Portland Trail Blazers
2015-01-18 03:00:00+00:00,Sacramento Kings,Los Angeles Clippers
2015-01-18 23:00:00+00:00,Orlando Magic,Oklahoma City Thunder
2015-01-19 00:00:00+00:00,San Antonio Spurs,Utah Jazz
2015-01-18 20:30:00+00:00,Toronto Raptors,New Orleans Pelicans
2015-01-19 19:30:00+00:00,Atlanta Hawks,Detroit Pistons
2015-01-19 19:00:00+00:00,Charlotte Hornets,Minnesota Timberwolves
2015-01-20 00:30:00+00:00,Cleveland Cavaliers,Chicago Bulls
2015-01-19 21:00:00+00:00,Golden State Warriors,Denver Nuggets
2015-01-19 22:30:00+00:00,Houston Rockets,Indiana Pacers
2015-01-19 20:30:00+00:00,Los Angeles Clippers,Boston Celtics
2015-01-19 22:00:00+00:00,Memphis Grizzlies,Dallas Mavericks
2015-01-20 01:00:00+00:00,Milwaukee Bucks,Toronto Raptors
2015-01-19 22:30:00+00:00,New York Knicks,New Orleans Pelicans
2015-01-20 03:00:00+00:00,Phoenix Suns,Los Angeles Lakers
2015-01-20 03:00:00+00:00,Portland Trail Blazers,Sacramento Kings
2015-01-19 19:00:00+00:00,Washington Wizards,Philadelphia 76ers
2015-01-21 02:00:00+00:00,Denver Nuggets,San Antonio Spurs
2015-01-21 00:30:00+00:00,Miami Heat,Oklahoma City Thunder
2015-01-22 00:30:00+00:00,Atlanta Hawks,Indiana Pacers
2015-01-22 00:00:00+00:00,Charlotte Hornets,Miami Heat
2015-01-22 00:00:00+00:00,Cleveland Cavaliers,Utah Jazz
2015-01-22 00:30:00+00:00,Detroit Pistons,Orlando Magic
2015-01-22 03:30:00+00:00,Golden State Warriors,Houston Rockets
2015-01-22 01:00:00+00:00,Memphis Grizzlies,Toronto Raptors
2015-01-22 01:00:00+00:00,Minnesota Timberwolves,Dallas Mavericks
2015-01-22 01:00:00+00:00,New Orleans Pelicans,Los Angeles Lakers
2015-01-22 00:00:00+00:00,Philadelphia 76ers,New York Knicks
2015-01-22 02:00:00+00:00,Phoenix Suns,Portland Trail Blazers
2015-01-22 03:00:00+00:00,Sacramento Kings,Brooklyn Nets
2015-01-22 01:00:00+00:00,Washington Wizards,Oklahoma City Thunder
2015-01-23 01:00:00+00:00,Chicago Bulls,San Antonio Spurs
2015-01-23 03:30:00+00:00,Los Angeles Clippers,Brooklyn Nets
2015-01-23 01:00:00+00:00,Milwaukee Bucks,Utah Jazz
2015-01-23 03:00:00+00:00,Portland Trail Blazers,Boston Celtics
2015-01-24 00:30:00+00:00,Atlanta Hawks,Oklahoma City Thunder
2015-01-24 00:30:00+00:00,Cleveland Cavaliers,Charlotte Hornets
2015-01-24 01:00:00+00:00,Dallas Mavericks,Chicago Bulls
2015-01-24 02:00:00+00:00,Denver Nuggets,Boston Celtics
2015-01-24 03:30:00+00:00,Golden State Warriors,Sacramento Kings
2015-01-24 00:30:00+00:00,Miami Heat,Indiana Pacers
2015-01-24 01:00:00+00:00,Minnesota Timberwolves,New Orleans Pelicans
2015-01-24 00:30:00+00:00,New York Knicks,Orlando Magic
2015-01-24 00:00:00+00:00,Philadelphia 76ers,Toronto Raptors
2015-01-24 02:00:00+00:00,Phoenix Suns,Houston Rockets
2015-01-24 01:30:00+00:00,San Antonio Spurs,Los Angeles Lakers
2015-01-25 00:00:00+00:00,Charlotte Hornets,New York Knicks
2015-01-25 01:00:00+00:00,Memphis Grizzlies,Philadelphia 76ers
2015-01-25 00:30:00+00:00,Milwaukee Bucks,Detroit Pistons
2015-01-25 03:00:00+00:00,Portland Trail Blazers,Washington Wizards
2015-01-25 02:00:00+00:00,Utah Jazz,Brooklyn Nets
2015-01-25 23:00:00+00:00,Atlanta Hawks,Minnesota Timberwolves
2015-01-25 18:00:00+00:00,Chicago Bulls,Miami Heat
2015-01-25 20:30:00+00:00,Cleveland Cavaliers,Oklahoma City Thunder
2015-01-26 01:00:00+00:00,Denver Nuggets,Washington Wizards
2015-01-26 01:00:00+00:00,Golden State Warriors,Boston Celtics
2015-01-26 02:30:00+00:00,Los Angeles Lakers,Houston Rockets
2015-01-25 23:00:00+00:00,New Orleans Pelicans,Dallas Mavericks
2015-01-25 23:00:00+00:00,Orlando Magic,Indiana Pacers
2015-01-25 23:00:00+00:00,Phoenix Suns,Los Angeles Clippers
2015-01-26 00:00:00+00:00,San Antonio Spurs,Milwaukee Bucks
2015-01-26 00:00:00+00:00,Toronto Raptors,Detroit Pistons
2015-01-27 03:30:00+00:00,Los Angeles Clippers,Denver Nuggets
2015-01-27 01:00:00+00:00,Memphis Grizzlies,Orlando Magic
2015-01-27 01:00:00+00:00,New Orleans Pelicans,Philadelphia 76ers
2015-01-27 01:00:00+00:00,Oklahoma City Thunder,Minnesota Timberwolves
2015-01-27 02:00:00+00:00,Utah Jazz,Boston Celtics
2015-01-28 01:30:00+00:00,Dallas Mavericks,Memphis Grizzlies
2015-01-28 00:30:00+00:00,Detroit Pistons,Cleveland Cavaliers
2015-01-28 03:30:00+00:00,Golden State Warriors,Chicago Bulls
2015-01-28 00:00:00+00:00,Indiana Pacers,Toronto Raptors
2015-01-28 03:30:00+00:00,Los Angeles Lakers,Washington Wizards
2015-01-28 00:30:00+00:00,Miami Heat,Milwaukee Bucks
2015-01-29 01:00:00+00:00,Atlanta Hawks,Brooklyn Nets
2015-01-29 00:00:00+00:00,Cleveland Cavaliers,Portland Trail Blazers
2015-01-29 01:00:00+00:00,Houston Rockets,Dallas Mavericks
2015-01-29 01:00:00+00:00,Minnesota Timberwolves,Boston Celtics
2015-01-29 01:00:00+00:00,New Orleans Pelicans,Denver Nuggets
2015-01-29 01:00:00+00:00,New York Knicks,Oklahoma City Thunder
2015-01-29 00:00:00+00:00,Philadelphia 76ers,Detroit Pistons
2015-01-29 03:30:00+00:00,Phoenix Suns,Washington Wizards
2015-01-29 01:30:00+00:00,San Antonio Spurs,Charlotte Hornets
2015-01-29 00:30:00+00:00,Toronto Raptors,Sacramento Kings
2015-01-29 02:00:00+00:00,Utah Jazz,Los Angeles Clippers
2015-01-30 00:00:00+00:00,Indiana Pacers,New York Knicks
2015-01-30 03:30:00+00:00,Los Angeles Lakers,Chicago Bulls
2015-01-30 01:00:00+00:00,Memphis Grizzlies,Denver Nuggets
2015-01-30 00:00:00+00:00,Orlando Magic,Milwaukee Bucks
2015-01-31 00:30:00+00:00,Atlanta Hawks,Portland Trail Blazers
2015-01-31 00:30:00+00:00,Boston Celtics,Houston Rockets
2015-01-31 00:30:00+00:00,Brooklyn Nets,Toronto Raptors
2015-01-31 00:30:00+00:00,Cleveland Cavaliers,Sacramento Kings
2015-01-31 01:00:00+00:00,Miami Heat,Dallas Mavericks
2015-01-31 01:00:00+00:00,New Orleans Pelicans,Los Angeles Clippers
2015-01-31 00:00:00+00:00,Philadelphia 76ers,Minnesota Timberwolves
2015-01-31 03:30:00+00:00,Phoenix Suns,Chicago Bulls
2015-01-31 02:00:00+00:00,Utah Jazz,Golden State Warriors
2015-02-01 00:30:00+00:00,Atlanta Hawks,Philadelphia 76ers
2015-02-01 02:00:00+00:00,Denver Nuggets,Charlotte Hornets
2015-02-01 00:30:00+00:00,Detroit Pistons,Houston Rockets
2015-02-01 03:30:00+00:00,Golden State Warriors,Phoenix Suns
2015-02-01 00:00:00+00:00,Indiana Pacers,Sacramento Kings
2015-02-01 01:00:00+00:00,Memphis Grizzlies,Oklahoma City Thunder
2015-02-01 01:30:00+00:00,Milwaukee Bucks,Portland Trail Blazers
2015-02-01 01:00:00+00:00,Minnesota Timberwolves,Cleveland Cavaliers
2015-02-01 00:00:00+00:00,Orlando Magic,Dallas Mavericks
2015-02-01 02:00:00+00:00,San Antonio Spurs,Los Angeles Clippers
2015-02-01 00:00:00+00:00,Washington Wizards,Toronto Raptors
2015-02-01 18:00:00+00:00,Boston Celtics,Miami Heat
2015-02-01 19:00:00+00:00,New York Knicks,Los Angeles Lakers
2015-02-03 00:30:00+00:00,Brooklyn Nets,Los Angeles Clippers
2015-02-03 00:00:00+00:00,Cleveland Cavaliers,Philadelphia 76ers
2015-02-03 01:30:00+00:00,Dallas Mavericks,Minnesota Timberwolves
2015-02-03 01:00:00+00:00,New Orleans Pelicans,Atlanta Hawks
2015-02-03 01:00:00+00:00,Oklahoma City Thunder,Orlando Magic
2015-02-03 02:00:00+00:00,Phoenix Suns,Memphis Grizzlies
2015-02-03 00:30:00+00:00,Toronto Raptors,Milwaukee Bucks
2015-02-03 00:00:00+00:00,Washington Wizards,Charlotte Hornets
2015-02-04 00:30:00+00:00,Detroit Pistons,Miami Heat
2015-02-04 00:30:00+00:00,New York Knicks,Boston Celtics
2015-02-04 00:00:00+00:00,Philadelphia 76ers,Denver Nuggets
2015-02-04 03:00:00+00:00,Portland Trail Blazers,Utah Jazz
2015-02-04 03:00:00+00:00,Sacramento Kings,Golden State Warriors
2015-02-05 00:30:00+00:00,Atlanta Hawks,Washington Wizards
2015-02-05 00:30:00+00:00,Boston Celtics,Denver Nuggets
2015-02-05 03:30:00+00:00,Golden State Warriors,Dallas Mavericks
2015-02-05 01:00:00+00:00,Houston Rockets,Chicago Bulls
2015-02-05 00:00:00+00:00,Indiana Pacers,Detroit Pistons
2015-02-05 01:00:00+00:00,Milwaukee Bucks,Los Angeles Lakers
2015-02-05 01:00:00+00:00,Minnesota Timberwolves,Miami Heat
2015-02-05 01:00:00+00:00,New Orleans Pelicans,Oklahoma City Thunder
2015-02-05 01:30:00+00:00,San Antonio Spurs,Orlando Magic
2015-02-05 00:30:00+00:00,Toronto Raptors,Brooklyn Nets
2015-02-05 02:00:00+00:00,Utah Jazz,Memphis Grizzlies
2015-02-06 00:00:00+00:00,Charlotte Hornets,Washington Wizards
2015-02-06 01:00:00+00:00,Cleveland Cavaliers,Los Angeles Clippers
2015-02-06 03:30:00+00:00,Portland Trail Blazers,Phoenix Suns
2015-02-06 03:00:00+00:00,Sacramento Kings,Dallas Mavericks
2015-02-07 00:30:00+00:00,Atlanta Hawks,Golden State Warriors
2015-02-07 00:30:00+00:00,Boston Celtics,Philadelphia 76ers
2015-02-07 00:00:00+00:00,Brooklyn Nets,New York Knicks
2015-02-07 00:30:00+00:00,Detroit Pistons,Denver Nuggets
2015-02-07 01:00:00+00:00,Houston Rockets,Milwaukee Bucks
2015-02-07 00:00:00+00:00,Indiana Pacers,Cleveland Cavaliers
2015-02-07 01:00:00+00:00,Minnesota Timberwolves,Memphis Grizzlies
2015-02-07 01:00:00+00:00,Oklahoma City Thunder,New Orleans Pelicans
2015-02-07 00:00:00+00:00,Orlando Magic,Los Angeles Lakers
2015-02-07 02:00:00+00:00,Phoenix Suns,Utah Jazz
2015-02-07 02:30:00+00:00,San Antonio Spurs,Miami Heat
2015-02-07 00:00:00+00:00,Toronto Raptors,Los Angeles Clippers
2015-02-08 01:30:00+00:00,Dallas Mavericks,Portland Trail Blazers
2015-02-08 01:30:00+00:00,Milwaukee Bucks,Boston Celtics
2015-02-08 00:00:00+00:00,New Orleans Pelicans,Chicago Bulls
2015-02-08 00:30:00+00:00,New York Knicks,Golden State Warriors
2015-02-08 00:30:00+00:00,Philadelphia 76ers,Charlotte Hornets
2015-02-08 02:00:00+00:00,Utah Jazz,Sacramento Kings
2015-02-08 00:00:00+00:00,Washington Wizards,Brooklyn Nets
2015-02-08 23:00:00+00:00,Charlotte Hornets,Indiana Pacers
2015-02-08 20:30:00+00:00,Cleveland Cavaliers,Los Angeles Lakers
2015-02-08 23:00:00+00:00,Detroit Pistons,Minnesota Timberwolves
2015-02-09 00:00:00+00:00,Houston Rockets,Portland Trail Blazers
2015-02-08 23:00:00+00:00,Memphis Grizzlies,Atlanta Hawks
2015-02-08 18:00:00+00:00,Oklahoma City Thunder,Los Angeles Clippers
2015-02-08 23:00:00+00:00,Orlando Magic,Chicago Bulls
2015-02-09 02:00:00+00:00,Sacramento Kings,Phoenix Suns
2015-02-09 00:00:00+00:00,Toronto Raptors,San Antonio Spurs
2015-02-10 01:30:00+00:00,Dallas Mavericks,Los Angeles Clippers
2015-02-10 02:00:00+00:00,Denver Nuggets,Oklahoma City Thunder
2015-02-10 00:00:00+00:00,Indiana Pacers,San Antonio Spurs
2015-02-10 00:30:00+00:00,Miami Heat,New York Knicks
2015-02-10 01:00:00+00:00,Milwaukee Bucks,Brooklyn Nets
2015-02-10 01:00:00+00:00,Minnesota Timberwolves,Atlanta Hawks
2015-02-10 01:00:00+00:00,New Orleans Pelicans,Utah Jazz
2015-02-10 00:00:00+00:00,Philadelphia 76ers,Golden State Warriors
2015-02-10 00:00:00+00:00,Washington Wizards,Orlando Magic
2015-02-11 01:00:00+00:00,Chicago Bulls,Sacramento Kings
2015-02-11 00:00:00+00:00,Charlotte Hornets,Detroit Pistons
2015-02-11 03:30:00+00:00,Los Angeles Lakers,Denver Nuggets
2015-02-11 01:00:00+00:00,Memphis Grizzlies,Brooklyn Nets
2015-02-11 01:00:00+00:00,Phoenix Suns,Houston Rockets
2015-02-12 00:30:00+00:00,Boston Celtics,Atlanta Hawks
2015-02-12 01:00:00+00:00,Cleveland Cavaliers,Miami Heat
2015-02-12 01:30:00+00:00,Dallas Mavericks,Utah Jazz
2015-02-12 00:30:00+00:00,Detroit Pistons,San Antonio Spurs
2015-02-12 03:30:00+00:00,Los Angeles Clippers,Houston Rockets
2015-02-12 01:00:00+00:00,Milwaukee Bucks,Sacramento Kings
2015-02-12 01:00:00+00:00,Minnesota Timberwolves,Golden State Warriors
2015-02-12 01:00:00+00:00,New Orleans Pelicans,Indiana Pacers
2015-02-12 01:00:00+00:00,Oklahoma City Thunder,Memphis Grizzlies
2015-02-12 00:00:00+00:00,Orlando Magic,New York Knicks
2015-02-12 03:00:00+00:00,Portland Trail Blazers,Los Angeles Lakers
2015-02-12 00:30:00+00:00,Toronto Raptors,Washington Wizards
2015-02-13 01:00:00+00:00,Chicago Bulls,Cleveland Cavaliers
2015-02-20 03:30:00+00:00,Los Angeles Clippers,San Antonio Spurs
2015-02-20 01:00:00+00:00,Oklahoma City Thunder,Dallas Mavericks
2015-02-21 00:30:00+00:00,Atlanta Hawks,Toronto Raptors
2015-02-21 01:30:00+00:00,Dallas Mavericks,Houston Rockets
2015-02-21 00:30:00+00:00,Detroit Pistons,Chicago Bulls
2015-02-21 03:30:00+00:00,Golden State Warriors,San Antonio Spurs
2015-02-21 03:30:00+00:00,Los Angeles Lakers,Brooklyn Nets
2015-02-21 01:30:00+00:00,Milwaukee Bucks,Denver Nuggets
2015-02-21 01:00:00+00:00,Minnesota Timberwolves,Phoenix Suns
2015-02-21 00:30:00+00:00,New York Knicks,Miami Heat
2015-02-21 00:00:00+00:00,Orlando Magic,New Orleans Pelicans
2015-02-21 00:00:00+00:00,Philadelphia 76ers,Indiana Pacers
2015-02-21 03:00:00+00:00,Sacramento Kings,Boston Celtics
2015-02-21 02:00:00+00:00,Utah Jazz,Portland Trail Blazers
2015-02-21 01:00:00+00:00,Washington Wizards,Cleveland Cavaliers
2015-02-22 01:00:00+00:00,Chicago Bulls,Phoenix Suns
2015-02-22 00:00:00+00:00,Charlotte Hornets,Oklahoma City Thunder
2015-02-22 01:00:00+00:00,Houston Rockets,Toronto Raptors
2015-02-22 03:00:00+00:00,Los Angeles Clippers,Sacramento Kings
2015-02-22 00:30:00+00:00,Miami Heat,New Orleans Pelicans
2015-02-23 00:30:00+00:00,Dallas Mavericks,Charlotte Hornets
2015-02-22 20:30:00+00:00,Detroit Pistons,Washington Wizards
2015-02-22 23:00:00+00:00,Indiana Pacers,Golden State Warriors
2015-02-23 02:30:00+00:00,Los Angeles Lakers,Boston Celtics
2015-02-22 20:30:00+00:00,Milwaukee Bucks,Atlanta Hawks
2015-02-22 18:00:00+00:00,New York Knicks,Cleveland Cavaliers
2015-02-23 00:00:00+00:00,Oklahoma City Thunder,Denver Nuggets
2015-02-22 23:00:00+00:00,Orlando Magic,Philadelphia 76ers
2015-02-23 02:00:00+00:00,Portland Trail Blazers,Memphis Grizzlies
2015-02-24 01:00:00+00:00,Chicago Bulls,Milwaukee Bucks
2015-02-24 02:00:00+00:00,Denver Nuggets,Brooklyn Nets
2015-02-24 01:00:00+00:00,Houston Rockets,Minnesota Timberwolves
2015-02-24 03:30:00+00:00,Los Angeles Clippers,Memphis Grizzlies
2015-02-24 00:30:00+00:00,Miami Heat,Philadelphia 76ers
2015-02-24 01:00:00+00:00,New Orleans Pelicans,Toronto Raptors
2015-02-24 02:00:00+00:00,Phoenix Suns,Boston Celtics
2015-02-24 02:00:00+00:00,Utah Jazz,San Antonio Spurs
2015-02-25 01:30:00+00:00,Dallas Mavericks,Toronto Raptors
2015-02-25 00:30:00+00:00,Detroit Pistons,Cleveland Cavaliers
2015-02-25 01:00:00+00:00,Oklahoma City Thunder,Indiana Pacers
2015-02-25 00:00:00+00:00,Washington Wizards,Golden State Warriors
2015-02-26 00:30:00+00:00,Atlanta Hawks,Dallas Mavericks
2015-02-26 00:30:00+00:00,Boston Celtics,New York Knicks
2015-02-26 01:00:00+00:00,Chicago Bulls,Charlotte Hornets
2015-02-26 02:00:00+00:00,Denver Nuggets,Phoenix Suns
2015-02-26 01:00:00+00:00,Houston Rockets,Los Angeles Clippers
2015-02-26 01:00:00+00:00,Milwaukee Bucks,Philadelphia 76ers
2015-02-26 01:00:00+00:00,Minnesota Timberwolves,Washington Wizards
2015-02-26 01:00:00+00:00,New Orleans Pelicans,Brooklyn Nets
2015-02-26 00:00:00+00:00,Orlando Magic,Miami Heat
2015-02-26 03:30:00+00:00,Portland Trail Blazers,San Antonio Spurs
2015-02-26 03:00:00+00:00,Sacramento Kings,Memphis Grizzlies
2015-02-26 02:00:00+00:00,Utah Jazz,Los Angeles Lakers
2015-02-27 01:00:00+00:00,Cleveland Cavaliers,Golden State Warriors
2015-02-27 03:30:00+00:00,Phoenix Suns,Oklahoma City Thunder
2015-02-28 00:30:00+00:00,Atlanta Hawks,Orlando Magic
2015-02-28 00:30:00+00:00,Boston Celtics,Charlotte Hornets
2015-02-28 01:00:00+00:00,Chicago Bulls,Minnesota Timberwolves
2015-02-28 02:00:00+00:00,Denver Nuggets,Utah Jazz
2015-02-28 00:30:00+00:00,Detroit Pistons,New York Knicks
2015-02-28 01:00:00+00:00,Houston Rockets,Brooklyn Nets
2015-02-28 00:00:00+00:00,Indiana Pacers,Cleveland Cavaliers
2015-02-28 03:30:00+00:00,Los Angeles Lakers,Milwaukee Bucks
2015-02-28 01:00:00+00:00,Memphis Grizzlies,Los Angeles Clippers
2015-02-28 01:00:00+00:00,New Orleans Pelicans,Miami Heat
2015-02-28 00:00:00+00:00,Philadelphia 76ers,Washington Wizards
2015-02-28 03:30:00+00:00,Portland Trail Blazers,Oklahoma City Thunder
2015-02-28 03:00:00+00:00,Sacramento Kings,San Antonio Spurs
2015-02-28 00:30:00+00:00,Toronto Raptors,Golden State Warriors
2015-03-01 01:30:00+00:00,Dallas Mavericks,Brooklyn Nets
2015-03-01 00:30:00+00:00,Miami Heat,Atlanta Hawks
2015-03-01 01:00:00+00:00,Minnesota Timberwolves,Memphis Grizzlies
2015-03-01 00:30:00+00:00,New York Knicks,Toronto Raptors
2015-03-01 02:00:00+00:00,Phoenix Suns,San Antonio Spurs
2015-03-01 02:00:00+00:00,Utah Jazz,Milwaukee Bucks
2015-03-01 00:00:00+00:00,Washington Wizards,Detroit Pistons
2015-03-01 23:00:00+00:00,Boston Celtics,Golden State Warriors
2015-03-01 18:00:00+00:00,Chicago Bulls,Los Angeles Clippers
2015-03-02 01:00:00+00:00,Denver Nuggets,New Orleans Pelicans
2015-03-01 20:30:00+00:00,Houston Rockets,Cleveland Cavaliers
2015-03-01 23:00:00+00:00,Indiana Pacers,Philadelphia 76ers
2015-03-01 23:30:00+00:00,Los Angeles Lakers,Oklahoma City Thunder
2015-03-01 23:00:00+00:00,Orlando Magic,Charlotte Hornets
2015-03-01 23:00:00+00:00,Sacramento Kings,Portland Trail Blazers
2015-03-03 00:30:00+00:00,Brooklyn Nets,Golden State Warriors
2015-03-03 01:30:00+00:00,Dallas Mavericks,New Orleans Pelicans
2015-03-03 00:30:00+00:00,Miami Heat,Phoenix Suns
2015-03-03 01:00:00+00:00,Minnesota Timberwolves,Los Angeles Clippers
2015-03-03 00:00:00+00:00,Philadelphia 76ers,Toronto Raptors
2015-03-04 00:30:00+00:00,Atlanta Hawks,Houston Rockets
2015-03-04 01:00:00+00:00,Chicago Bulls,Washington Wizards
2015-03-04 00:00:00+00:00,Charlotte Hornets,Los Angeles Lakers
2015-03-04 00:00:00+00:00,Cleveland Cavaliers,Boston Celtics
2015-03-04 02:00:00+00:00,Denver Nuggets,Milwaukee Bucks
2015-03-04 01:00:00+00:00,Memphis Grizzlies,Utah Jazz
2015-03-04 00:00:00+00:00,New York Knicks,Sacramento Kings
2015-03-05 00:30:00+00:00,Boston Celtics,Utah Jazz
2015-03-05 00:30:00+00:00,Brooklyn Nets,Charlotte Hornets
2015-03-05 03:30:00+00:00,Golden State Warriors,Milwaukee Bucks
2015-03-05 01:00:00+00:00,Houston Rockets,Memphis Grizzlies
2015-03-05 00:00:00+00:00,Indiana Pacers,New York Knicks
2015-03-05 03:30:00+00:00,Los Angeles Clippers,Portland Trail Blazers
2015-03-05 01:00:00+00:00,Miami Heat,Los Angeles Lakers
2015-03-05 01:00:00+00:00,Minnesota Timberwolves,Denver Nuggets
2015-03-05 01:00:00+00:00,New Orleans Pelicans,Detroit Pistons
2015-03-05 01:00:00+00:00,Oklahoma City Thunder,Philadelphia 76ers
2015-03-05 00:00:00+00:00,Orlando Magic,Phoenix Suns
2015-03-05 01:30:00+00:00,San Antonio Spurs,Sacramento Kings
2015-03-05 00:30:00+00:00,Toronto Raptors,Cleveland Cavaliers
2015-03-06 01:00:00+00:00,Chicago Bulls,Oklahoma City Thunder
2015-03-06 03:30:00+00:00,Portland Trail Blazers,Dallas Mavericks
2015-03-07 00:30:00+00:00,Atlanta Hawks,Cleveland Cavaliers
2015-03-07 01:00:00+00:00,Brooklyn Nets,Phoenix Suns
2015-03-07 00:00:00+00:00,Charlotte Hornets,Toronto Raptors
2015-03-07 03:30:00+00:00,Golden State Warriors,Dallas Mavericks
2015-03-07 01:00:00+00:00,Houston Rockets,Detroit Pistons
2015-03-07 00:00:00+00:00,Indiana Pacers,Chicago Bulls
2015-03-07 01:00:00+00:00,Memphis Grizzlies,Los Angeles Lakers
2015-03-07 01:00:00+00:00,New Orleans Pelicans,Boston Celtics
2015-03-07 00:00:00+00:00,Orlando Magic,Sacramento Kings
2015-03-07 00:00:00+00:00,Philadelphia 76ers,Utah Jazz
2015-03-07 01:30:00+00:00,San Antonio Spurs,Denver Nuggets
2015-03-07 00:00:00+00:00,Washington Wizards,Miami Heat
2015-03-08 00:30:00+00:00,Cleveland Cavaliers,Phoenix Suns
2015-03-08 02:00:00+00:00,Denver Nuggets,Houston Rockets
2015-03-08 00:30:00+00:00,Miami Heat,Sacramento Kings
2015-03-08 01:30:00+00:00,Milwaukee Bucks,Washington Wizards
2015-03-08 01:00:00+00:00,Minnesota Timberwolves,Portland Trail Blazers
2015-03-08 00:00:00+00:00,New Orleans Pelicans,Memphis Grizzlies
2015-03-08 00:30:00+00:00,New York Knicks,Indiana Pacers
2015-03-08 00:30:00+00:00,Philadelphia 76ers,Atlanta Hawks
2015-03-08 22:00:00+00:00,Brooklyn Nets,Utah Jazz
2015-03-08 22:00:00+00:00,Detroit Pistons,Charlotte Hornets
2015-03-08 19:30:00+00:00,Golden State Warriors,Los Angeles Clippers
2015-03-09 01:30:00+00:00,Los Angeles Lakers,Dallas Mavericks
2015-03-08 23:00:00+00:00,Oklahoma City Thunder,Toronto Raptors
2015-03-08 22:00:00+00:00,Orlando Magic,Boston Celtics
2015-03-08 17:00:00+00:00,San Antonio Spurs,Chicago Bulls
2015-03-09 23:30:00+00:00,Atlanta Hawks,Sacramento Kings
2015-03-10 00:00:00+00:00,Chicago Bulls,Memphis Grizzlies
2015-03-09 23:00:00+00:00,Charlotte Hornets,Washington Wizards
2015-03-10 01:00:00+00:00,Denver Nuggets,New York Knicks
2015-03-10 02:30:00+00:00,Los Angeles Clippers,Minnesota Timberwolves
2015-03-09 23:30:00+00:00,Miami Heat,Boston Celtics
2015-03-10 00:00:00+00:00,Milwaukee Bucks,New Orleans Pelicans
2015-03-10 02:00:00+00:00,Phoenix Suns,Golden State Warriors
2015-03-10 23:30:00+00:00,Brooklyn Nets,New Orleans Pelicans
2015-03-11 00:30:00+00:00,Dallas Mavericks,Cleveland Cavaliers
2015-03-10 23:00:00+00:00,Indiana Pacers,Orlando Magic
2015-03-11 02:30:00+00:00,Los Angeles Lakers,Detroit Pistons
2015-03-11 00:30:00+00:00,San Antonio Spurs,Toronto Raptors
2015-03-11 01:00:00+00:00,Utah Jazz,New York Knicks
2015-03-11 23:30:00+00:00,Boston Celtics,Memphis Grizzlies
2015-03-11 23:00:00+00:00,Charlotte Hornets,Sacramento Kings
2015-03-12 01:00:00+00:00,Denver Nuggets,Atlanta Hawks
2015-03-12 02:30:00+00:00,Golden State Warriors,Detroit Pistons
2015-03-11 23:30:00+00:00,Miami Heat,Brooklyn Nets
2015-03-12 00:00:00+00:00,Milwaukee Bucks,Orlando Magic
2015-03-12 00:00:00+00:00,Oklahoma City Thunder,Los Angeles Clippers
2015-03-11 23:00:00+00:00,Philadelphia 76ers,Chicago Bulls
2015-03-12 02:00:00+00:00,Phoenix Suns,Minnesota Timberwolves
2015-03-12 02:30:00+00:00,Portland Trail Blazers,Houston Rockets
2015-03-12 23:00:00+00:00,Indiana Pacers,Milwaukee Bucks
2015-03-13 02:30:00+00:00,Los Angeles Lakers,New York Knicks
2015-03-13 01:30:00+00:00,San Antonio Spurs,Cleveland Cavaliers
2015-03-13 01:00:00+00:00,Utah Jazz,Houston Rockets
2015-03-12 23:00:00+00:00,Washington Wizards,Memphis Grizzlies
2015-03-13 23:30:00+00:00,Boston Celtics,Orlando Magic
2015-03-13 23:00:00+00:00,Charlotte Hornets,Chicago Bulls
2015-03-14 00:30:00+00:00,Dallas Mavericks,Los Angeles Clippers
2015-03-14 01:00:00+00:00,Denver Nuggets,Golden State Warriors
2015-03-14 00:00:00+00:00,Oklahoma City Thunder,Minnesota Timberwolves
2015-03-13 23:00:00+00:00,Philadelphia 76ers,Sacramento Kings
2015-03-14 02:00:00+00:00,Phoenix Suns,Atlanta Hawks
2015-03-14 02:00:00+00:00,Portland Trail Blazers,Detroit Pistons
2015-03-13 23:30:00+00:00,Toronto Raptors,Miami Heat
2015-03-15 02:30:00+00:00,Golden State Warriors,New York Knicks
2015-03-14 23:00:00+00:00,Indiana Pacers,Boston Celtics
2015-03-15 00:00:00+00:00,Memphis Grizzlies,Milwaukee Bucks
2015-03-14 23:30:00+00:00,Philadelphia 76ers,Brooklyn Nets
2015-03-15 01:00:00+00:00,Utah Jazz,Detroit Pistons
2015-03-14 23:00:00+00:00,Washington Wizards,Sacramento Kings
2015-03-15 19:30:00+00:00,Los Angeles Clippers,Houston Rockets
2015-03-16 01:30:00+00:00,Los Angeles Lakers,Atlanta Hawks
2015-03-15 22:00:00+00:00,New Orleans Pelicans,Denver Nuggets
2015-03-15 17:00:00+00:00,Oklahoma City Thunder,Chicago Bulls
2015-03-15 22:00:00+00:00,Orlando Magic,Cleveland Cavaliers
2015-03-16 01:00:00+00:00,Phoenix Suns,New York Knicks
2015-03-15 23:00:00+00:00,San Antonio Spurs,Minnesota Timberwolves
2015-03-15 23:00:00+00:00,Toronto Raptors,Portland Trail Blazers
2015-03-16 23:30:00+00:00,Boston Celtics,Philadelphia 76ers
2015-03-17 00:30:00+00:00,Dallas Mavericks,Oklahoma City Thunder
2015-03-17 02:30:00+00:00,Golden State Warriors,Los Angeles Lakers
2015-03-16 23:00:00+00:00,Indiana Pacers,Toronto Raptors
2015-03-17 00:00:00+00:00,Memphis Grizzlies,Denver Nuggets
2015-03-17 00:00:00+00:00,Miami Heat,Cleveland Cavaliers
2015-03-17 00:00:00+00:00,Minnesota Timberwolves,Brooklyn Nets
2015-03-17 02:00:00+00:00,Sacramento Kings,Atlanta Hawks
2015-03-17 01:00:00+00:00,Utah Jazz,Charlotte Hornets
2015-03-16 23:00:00+00:00,Washington Wizards,Portland Trail Blazers
2015-03-17 23:30:00+00:00,Detroit Pistons,Memphis Grizzlies
2015-03-18 00:00:00+00:00,Houston Rockets,Orlando Magic
2015-03-18 02:30:00+00:00,Los Angeles Clippers,Charlotte Hornets
2015-03-18 00:00:00+00:00,New Orleans Pelicans,Milwaukee Bucks
2015-03-17 23:30:00+00:00,New York Knicks,San Antonio Spurs
2015-03-19 00:00:00+00:00,Chicago Bulls,Indiana Pacers
2015-03-18 23:00:00+00:00,Cleveland Cavaliers,Brooklyn Nets
2015-03-19 00:00:00+00:00,Dallas Mavericks,Orlando Magic
2015-03-19 02:30:00+00:00,Golden State Warriors,Atlanta Hawks
2015-03-18 23:30:00+00:00,Miami Heat,Portland Trail Blazers
2015-03-19 00:00:00+00:00,Milwaukee Bucks,San Antonio Spurs
2015-03-19 00:00:00+00:00,Oklahoma City Thunder,Boston Celtics
2015-03-18 23:00:00+00:00,Philadelphia 76ers,Detroit Pistons
2015-03-19 02:00:00+00:00,Sacramento Kings,Los Angeles Clippers
2015-03-18 23:30:00+00:00,Toronto Raptors,Minnesota Timberwolves
2015-03-19 02:30:00+00:00,Utah Jazz,Washington Wizards
2015-03-20 00:00:00+00:00,Houston Rockets,Denver Nuggets
2015-03-20 02:30:00+00:00,Los Angeles Lakers,Utah Jazz
2015-03-19 23:30:00+00:00,New York Knicks,Minnesota Timberwolves
2015-03-20 02:00:00+00:00,Phoenix Suns,New Orleans Pelicans
2015-03-20 23:30:00+00:00,Brooklyn Nets,Milwaukee Bucks
2015-03-21 00:00:00+00:00,Chicago Bulls,Toronto Raptors
2015-03-20 23:30:00+00:00,Cleveland Cavaliers,Indiana Pacers
2015-03-21 00:30:00+00:00,Dallas Mavericks,Memphis Grizzlies
2015-03-21 02:30:00+00:00,Golden State Warriors,New Orleans Pelicans
2015-03-21 02:30:00+00:00,Los Angeles Clippers,Washington Wizards
2015-03-20 23:30:00+00:00,Miami Heat,Denver Nuggets
2015-03-21 00:00:00+00:00,Oklahoma City Thunder,Atlanta Hawks
2015-03-20 23:00:00+00:00,Orlando Magic,Portland Trail Blazers
2015-03-20 23:00:00+00:00,Philadelphia 76ers,New York Knicks
2015-03-21 02:00:00+00:00,Sacramento Kings,Charlotte Hornets
2015-03-21 00:30:00+00:00,San Antonio Spurs,Boston Celtics
2015-03-21 23:30:00+00:00,Detroit Pistons,Chicago Bulls
2015-03-22 02:30:00+00:00,Golden State Warriors,Utah Jazz
2015-03-22 00:00:00+00:00,Houston Rockets,Phoenix Suns
2015-03-21 23:00:00+00:00,Indiana Pacers,Brooklyn Nets
2015-03-22 00:00:00+00:00,Memphis Grizzlies,Portland Trail Blazers
2015-03-22 19:00:00+00:00,Atlanta Hawks,San Antonio Spurs
2015-03-22 22:00:00+00:00,Boston Celtics,Detroit Pistons
2015-03-22 19:30:00+00:00,Los Angeles Clippers,New Orleans Pelicans
2015-03-23 01:30:00+00:00,Los Angeles Lakers,Philadelphia 76ers
2015-03-22 19:00:00+00:00,Milwaukee Bucks,Cleveland Cavaliers
2015-03-22 23:00:00+00:00,Minnesota Timberwolves,Charlotte Hornets
2015-03-22 19:00:00+00:00,Oklahoma City Thunder,Miami Heat
2015-03-22 22:00:00+00:00,Orlando Magic,Denver Nuggets
2015-03-23 01:00:00+00:00,Phoenix Suns,Dallas Mavericks
2015-03-22 22:00:00+00:00,Sacramento Kings,Washington Wizards
2015-03-22 20:00:00+00:00,Toronto Raptors,New York Knicks
2015-03-23 23:30:00+00:00,Brooklyn Nets,Boston Celtics
2015-03-24 00:00:00+00:00,Chicago Bulls,Charlotte Hornets
2015-03-24 02:30:00+00:00,Golden State Warriors,Washington Wizards
2015-03-23 23:00:00+00:00,Indiana Pacers,Houston Rockets
2015-03-23 23:30:00+00:00,New York Knicks,Memphis Grizzlies
2015-03-24 01:00:00+00:00,Utah Jazz,Minnesota Timberwolves
2015-03-25 00:00:00+00:00,Dallas Mavericks,San Antonio Spurs
2015-03-24 23:30:00+00:00,Detroit Pistons,Toronto Raptors
2015-03-25 00:00:00+00:00,Milwaukee Bucks,Miami Heat
2015-03-25 00:00:00+00:00,Oklahoma City Thunder,Los Angeles Lakers
2015-03-25 02:30:00+00:00,Portland Trail Blazers,Golden State Warriors
2015-03-25 02:00:00+00:00,Sacramento Kings,Philadelphia 76ers
2015-03-25 23:30:00+00:00,Boston Celtics,Miami Heat
2015-03-25 23:00:00+00:00,Charlotte Hornets,Brooklyn Nets
2015-03-26 01:00:00+00:00,Denver Nuggets,Philadelphia 76ers
2015-03-26 00:00:00+00:00,Memphis Grizzlies,Cleveland Cavaliers
2015-03-26 00:00:00+00:00,Minnesota Timberwolves,Los Angeles Lakers
2015-03-26 00:00:00+00:00,New Orleans Pelicans,Houston Rockets
2015-03-25 23:00:00+00:00,New York Knicks,Los Angeles Clippers
2015-03-25 23:00:00+00:00,Orlando Magic,Atlanta Hawks
2015-03-26 02:00:00+00:00,Phoenix Suns,Sacramento Kings
2015-03-26 01:30:00+00:00,San Antonio Spurs,Oklahoma City Thunder
2015-03-25 23:00:00+00:00,Toronto Raptors,Chicago Bulls
2015-03-26 01:00:00+00:00,Utah Jazz,Portland Trail Blazers
2015-03-25 23:00:00+00:00,Washington Wizards,Indiana Pacers
2015-03-27 00:00:00+00:00,Milwaukee Bucks,Indiana Pacers
2015-03-27 23:30:00+00:00,Atlanta Hawks,Miami Heat
2015-03-27 23:30:00+00:00,Brooklyn Nets,Cleveland Cavaliers
2015-03-28 01:00:00+00:00,Denver Nuggets,Utah Jazz
2015-03-28 00:00:00+00:00,Houston Rockets,Minnesota Timberwolves
2015-03-28 00:00:00+00:00,Memphis Grizzlies,Golden State Warriors
2015-03-28 00:00:00+00:00,New Orleans Pelicans,Sacramento Kings
2015-03-27 23:30:00+00:00,New York Knicks,Boston Celtics
2015-03-27 23:00:00+00:00,Orlando Magic,Detroit Pistons
2015-03-27 23:00:00+00:00,Philadelphia 76ers,Los Angeles Clippers
2015-03-28 02:00:00+00:00,Phoenix Suns,Portland Trail Blazers
2015-03-28 00:30:00+00:00,San Antonio Spurs,Dallas Mavericks
2015-03-27 23:30:00+00:00,Toronto Raptors,Los Angeles Lakers
2015-03-27 23:00:00+00:00,Washington Wizards,Charlotte Hornets
2015-03-29 00:00:00+00:00,Chicago Bulls,New York Knicks
2015-03-28 23:00:00+00:00,Charlotte Hornets,Atlanta Hawks
2015-03-29 00:30:00+00:00,Milwaukee Bucks,Golden State Warriors
2015-03-29 02:00:00+00:00,Portland Trail Blazers,Denver Nuggets
2015-03-29 01:00:00+00:00,Utah Jazz,Oklahoma City Thunder
2015-03-29 22:00:00+00:00,Boston Celtics,Los Angeles Clippers
2015-03-29 19:30:00+00:00,Brooklyn Nets,Los Angeles Lakers
2015-03-29 20:30:00+00:00,Cleveland Cavaliers,Philadelphia 76ers
2015-03-29 23:00:00+00:00,Indiana Pacers,Dallas Mavericks
2015-03-29 22:00:00+00:00,Miami Heat,Detroit Pistons
2015-03-29 20:00:00+00:00,New Orleans Pelicans,Minnesota Timberwolves
2015-03-30 01:00:00+00:00,Phoenix Suns,Oklahoma City Thunder
2015-03-29 23:00:00+00:00,San Antonio Spurs,Memphis Grizzlies
2015-03-29 16:30:00+00:00,Washington Wizards,Houston Rockets
2015-03-30 23:30:00+00:00,Atlanta Hawks,Milwaukee Bucks
2015-03-30 23:00:00+00:00,Charlotte Hornets,Boston Celtics
2015-03-31 00:00:00+00:00,Memphis Grizzlies,Sacramento Kings
2015-03-31 00:00:00+00:00,Minnesota Timberwolves,Utah Jazz
2015-03-30 23:00:00+00:00,Philadelphia 76ers,Los Angeles Lakers
2015-03-31 02:00:00+00:00,Portland Trail Blazers,Phoenix Suns
2015-03-30 23:30:00+00:00,Toronto Raptors,Houston Rockets
2015-03-31 23:30:00+00:00,Brooklyn Nets,Indiana Pacers
2015-03-31 23:30:00+00:00,Detroit Pistons,Atlanta Hawks
2015-04-01 02:30:00+00:00,Los Angeles Clippers,Golden State Warriors
2015-04-01 00:00:00+00:00,Miami Heat,San Antonio Spurs
2015-04-01 23:30:00+00:00,Boston Celtics,Indiana Pacers
2015-04-01 23:00:00+00:00,Charlotte Hornets,Detroit Pistons
2015-04-02 00:00:00+00:00,Houston Rockets,Sacramento Kings
2015-04-02 02:30:00+00:00,Los Angeles Lakers,New Orleans Pelicans
2015-04-02 00:00:00+00:00,Milwaukee Bucks,Chicago Bulls
2015-04-02 00:00:00+00:00,Minnesota Timberwolves,Toronto Raptors
2015-04-01 23:30:00+00:00,New York Knicks,Brooklyn Nets
2015-04-02 00:00:00+00:00,Oklahoma City Thunder,Dallas Mavericks
2015-04-01 23:00:00+00:00,Orlando Magic,San Antonio Spurs
2015-04-02 02:00:00+00:00,Portland Trail Blazers,Los Angeles Clippers
2015-04-02 01:00:00+00:00,Utah Jazz,Denver Nuggets
2015-04-01 23:00:00+00:00,Washington Wizards,Philadelphia 76ers
2015-04-03 00:00:00+00:00,Cleveland Cavaliers,Miami Heat
2015-04-03 00:30:00+00:00,Dallas Mavericks,Houston Rockets
2015-04-03 02:30:00+00:00,Golden State Warriors,Phoenix Suns
2015-04-03 23:30:00+00:00,Boston Celtics,Milwaukee Bucks
2015-04-03 23:30:00+00:00,Brooklyn Nets,Toronto Raptors
2015-04-04 00:00:00+00:00,Chicago Bulls,Detroit Pistons
2015-04-03 23:00:00+00:00,Indiana Pacers,Charlotte Hornets
2015-04-04 02:30:00+00:00,Los Angeles Lakers,Portland Trail Blazers
2015-04-04 00:00:00+00:00,Memphis Grizzlies,Oklahoma City Thunder
2015-04-04 00:00:00+00:00,Minnesota Timberwolves,Orlando Magic
2015-04-04 02:00:00+00:00,Sacramento Kings,New Orleans Pelicans
2015-04-04 00:30:00+00:00,San Antonio Spurs,Denver Nuggets
2015-04-03 23:00:00+00:00,Washington Wizards,New York Knicks
2015-04-04 23:30:00+00:00,Atlanta Hawks,Brooklyn Nets
2015-04-04 23:00:00+00:00,Charlotte Hornets,Philadelphia 76ers
2015-04-05 00:30:00+00:00,Dallas Mavericks,Golden State Warriors
2015-04-05 01:00:00+00:00,Denver Nuggets,Los Angeles Clippers
2015-04-04 23:30:00+00:00,Detroit Pistons,Miami Heat
2015-04-05 00:00:00+00:00,Memphis Grizzlies,Washington Wizards
2015-04-05 00:30:00+00:00,Milwaukee Bucks,Orlando Magic
2015-04-05 02:00:00+00:00,Phoenix Suns,Utah Jazz
2015-04-05 02:00:00+00:00,Portland Trail Blazers,New Orleans Pelicans
2015-04-04 23:30:00+00:00,Toronto Raptors,Boston Celtics
2015-04-05 19:30:00+00:00,Cleveland Cavaliers,Chicago Bulls
2015-04-05 22:00:00+00:00,Indiana Pacers,Miami Heat
2015-04-06 01:30:00+00:00,Los Angeles Lakers,Los Angeles Clippers
2015-04-05 23:30:00+00:00,New York Knicks,Philadelphia 76ers
2015-04-05 17:00:00+00:00,Oklahoma City Thunder,Houston Rockets
2015-04-06 01:00:00+00:00,Sacramento Kings,Utah Jazz
2015-04-05 23:00:00+00:00,San Antonio Spurs,Golden State Warriors
2015-04-06 23:00:00+00:00,Brooklyn Nets,Portland Trail Blazers
2015-04-07 23:30:00+00:00,Atlanta Hawks,Phoenix Suns
2015-04-08 02:30:00+00:00,Los Angeles Clippers,Los Angeles Lakers
2015-04-07 23:30:00+00:00,Miami Heat,Charlotte Hornets
2015-04-08 00:00:00+00:00,New Orleans Pelicans,Golden State Warriors
2015-04-08 00:00:00+00:00,Oklahoma City Thunder,San Antonio Spurs
2015-04-08 02:00:00+00:00,Sacramento Kings,Minnesota Timberwolves
2015-04-08 23:30:00+00:00,Brooklyn Nets,Atlanta Hawks
2015-04-08 23:00:00+00:00,Charlotte Hornets,Toronto Raptors
2015-04-09 01:30:00+00:00,Dallas Mavericks,Phoenix Suns
2015-04-09 01:00:00+00:00,Denver Nuggets,Los Angeles Lakers
2015-04-08 23:00:00+00:00,Detroit Pistons,Boston Celtics
2015-04-09 00:00:00+00:00,Memphis Grizzlies,New Orleans Pelicans
2015-04-09 00:00:00+00:00,Milwaukee Bucks,Cleveland Cavaliers
2015-04-08 23:30:00+00:00,New York Knicks,Indiana Pacers
2015-04-08 23:00:00+00:00,Orlando Magic,Chicago Bulls
2015-04-08 23:00:00+00:00,Philadelphia 76ers,Washington Wizards
2015-04-09 02:00:00+00:00,Portland Trail Blazers,Minnesota Timberwolves
2015-04-09 00:30:00+00:00,San Antonio Spurs,Houston Rockets
2015-04-09 01:00:00+00:00,Utah Jazz,Sacramento Kings
2015-04-10 02:30:00+00:00,Golden State Warriors,Portland Trail Blazers
2015-04-10 00:00:00+00:00,Miami Heat,Chicago Bulls
2015-04-10 23:30:00+00:00,Atlanta Hawks,Charlotte Hornets
2015-04-10 23:30:00+00:00,Brooklyn Nets,Washington Wizards
2015-04-10 23:30:00+00:00,Cleveland Cavaliers,Boston Celtics
2015-04-11 01:00:00+00:00,Denver Nuggets,Dallas Mavericks
2015-04-10 23:30:00+00:00,Detroit Pistons,Indiana Pacers
2015-04-11 00:00:00+00:00,Houston Rockets,San Antonio Spurs
2015-04-11 02:30:00+00:00,Los Angeles Lakers,Minnesota Timberwolves
2015-04-11 00:00:00+00:00,New Orleans Pelicans,Phoenix Suns
2015-04-10 23:30:00+00:00,New York Knicks,Milwaukee Bucks
2015-04-11 00:00:00+00:00,Oklahoma City Thunder,Sacramento Kings
2015-04-10 23:00:00+00:00,Orlando Magic,Toronto Raptors
2015-04-11 01:00:00+00:00,Utah Jazz,Memphis Grizzlies
2015-04-12 00:00:00+00:00,Chicago Bulls,Philadelphia 76ers
2015-04-12 02:30:00+00:00,Golden State Warriors,Minnesota Timberwolves
2015-04-12 02:00:00+00:00,Los Angeles Clippers,Memphis Grizzlies
2015-04-11 23:30:00+00:00,Miami Heat,Toronto Raptors
2015-04-11 23:00:00+00:00,Orlando Magic,New York Knicks
2015-04-12 02:00:00+00:00,Portland Trail Blazers,Utah Jazz
2015-04-12 19:00:00+00:00,Boston Celtics,Cleveland Cavaliers
2015-04-12 21:00:00+00:00,Denver Nuggets,Sacramento Kings
2015-04-12 19:30:00+00:00,Detroit Pistons,Charlotte Hornets
2015-04-12 23:00:00+00:00,Houston Rockets,New Orleans Pelicans
2015-04-12 22:00:00+00:00,Indiana Pacers,Oklahoma City Thunder
2015-04-13 01:30:00+00:00,Los Angeles Lakers,Dallas Mavericks
2015-04-12 19:00:00+00:00,Milwaukee Bucks,Brooklyn Nets
2015-04-12 23:00:00+00:00,San Antonio Spurs,Phoenix Suns
2015-04-12 22:00:00+00:00,Washington Wizards,Atlanta Hawks
2015-04-13 23:30:00+00:00,Atlanta Hawks,New York Knicks
2015-04-13 23:30:00+00:00,Brooklyn Nets,Chicago Bulls
2015-04-13 23:00:00+00:00,Charlotte Hornets,Houston Rockets
2015-04-13 23:00:00+00:00,Cleveland Cavaliers,Detroit Pistons
2015-04-14 02:30:00+00:00,Golden State Warriors,Memphis Grizzlies
2015-04-14 02:30:00+00:00,Los Angeles Clippers,Denver Nuggets
2015-04-13 23:30:00+00:00,Miami Heat,Orlando Magic
2015-04-14 00:00:00+00:00,Minnesota Timberwolves,New Orleans Pelicans
2015-04-14 00:00:00+00:00,Oklahoma City Thunder,Portland Trail Blazers
2015-04-13 23:00:00+00:00,Philadelphia 76ers,Milwaukee Bucks
2015-04-14 02:00:00+00:00,Sacramento Kings,Los Angeles Lakers
2015-04-14 01:00:00+00:00,Utah Jazz,Dallas Mavericks
2015-04-14 23:30:00+00:00,Boston Celtics,Toronto Raptors
2015-04-15 00:00:00+00:00,Indiana Pacers,Washington Wizards
2015-04-15 02:30:00+00:00,Phoenix Suns,Los Angeles Clippers
2015-04-16 00:00:00+00:00,Brooklyn Nets,Orlando Magic
2015-04-16 00:00:00+00:00,Chicago Bulls,Atlanta Hawks
2015-04-16 00:00:00+00:00,Cleveland Cavaliers,Washington Wizards
2015-04-16 00:00:00+00:00,Dallas Mavericks,Portland Trail Blazers
2015-04-16 02:30:00+00:00,Golden State Warriors,Denver Nuggets
2015-04-16 00:00:00+00:00,Houston Rockets,Utah Jazz
2015-04-16 02:30:00+00:00,Los Angeles Lakers,Sacramento Kings
2015-04-16 01:30:00+00:00,Memphis Grizzlies,Indiana Pacers
2015-04-16 00:00:00+00:00,Milwaukee Bucks,Boston Celtics
2015-04-16 00:00:00+00:00,Minnesota Timberwolves,Oklahoma City Thunder
2015-04-16 00:00:00+00:00,New Orleans Pelicans,San Antonio Spurs
2015-04-16 00:00:00+00:00,New York Knicks,Detroit Pistons
2015-04-16 00:00:00+00:00,Philadelphia 76ers,Miami Heat
2015-04-15 23:00:00+00:00,Toronto Raptors,Charlotte Hornets
2015-04-18 23:00:00+00:00,Chicago Bulls,Milwaukee Bucks
2015-04-18 19:30:00+00:00,Golden State Warriors,New Orleans Pelicans
2015-04-19 01:30:00+00:00,Houston Rockets,Dallas Mavericks
2015-04-18 16:30:00+00:00,Toronto Raptors,Washington Wizards
2015-04-19 21:30:00+00:00,Atlanta Hawks,Brooklyn Nets
2015-04-19 19:00:00+00:00,Cleveland Cavaliers,Boston Celtics
2015-04-20 02:30:00+00:00,Los Angeles Clippers,San Antonio Spurs
2015-04-20 00:00:00+00:00,Memphis Grizzlies,Portland Trail Blazers
2015-04-21 00:00:00+00:00,Chicago Bulls,Milwaukee Bucks
2015-04-21 02:30:00+00:00,Golden State Warriors,New Orleans Pelicans
2015-04-21 23:00:00+00:00,Cleveland Cavaliers,Boston Celtics
2015-04-22 01:30:00+00:00,Houston Rockets,Dallas Mavericks
2015-04-22 00:00:00+00:00,Toronto Raptors,Washington Wizards
2015-04-22 23:00:00+00:00,Atlanta Hawks,Brooklyn Nets
2015-04-23 02:30:00+00:00,Los Angeles Clippers,San Antonio Spurs
2015-04-23 00:00:00+00:00,Memphis Grizzlies,Portland Trail Blazers
2015-04-23 23:00:00+00:00,Boston Celtics,Cleveland Cavaliers
2015-04-24 00:00:00+00:00,Milwaukee Bucks,Chicago Bulls
2015-04-24 01:30:00+00:00,New Orleans Pelicans,Golden State Warriors
2015-04-24 23:00:00+00:00,Dallas Mavericks,Houston Rockets
2015-04-25 01:30:00+00:00,San Antonio Spurs,Los Angeles Clippers
2015-04-25 00:00:00+00:00,Washington Wizards,Toronto Raptors
2015-04-25 19:00:00+00:00,Brooklyn Nets,Atlanta Hawks
2015-04-25 21:30:00+00:00,Milwaukee Bucks,Chicago Bulls
2015-04-26 00:00:00+00:00,New Orleans Pelicans,Golden State Warriors
2015-04-26 02:30:00+00:00,Portland Trail Blazers,Memphis Grizzlies
2015-04-26 17:00:00+00:00,Boston Celtics,Cleveland Cavaliers
2015-04-27 01:00:00+00:00,Dallas Mavericks,Houston Rockets
2015-04-26 19:30:00+00:00,San Antonio Spurs,Los Angeles Clippers
2015-04-26 22:30:00+00:00,Washington Wizards,Toronto Raptors
2015-04-27 23:00:00+00:00,Brooklyn Nets,Atlanta Hawks
2015-04-28 00:00:00+00:00,Chicago Bulls,Milwaukee Bucks
2015-04-28 02:30:00+00:00,Portland Trail Blazers,Memphis Grizzlies
2015-04-29 00:00:00+00:00,Houston Rockets,Dallas Mavericks
2015-04-29 02:30:00+00:00,Los Angeles Clippers,San Antonio Spurs
2015-04-29 23:00:00+00:00,Atlanta Hawks,Brooklyn Nets
2015-04-30 01:30:00+00:00,Memphis Grizzlies,Portland Trail Blazers
2015-04-30 23:00:00+00:00,Milwaukee Bucks,Chicago Bulls
2015-05-01 01:30:00+00:00,San Antonio Spurs,Los Angeles Clippers
2015-05-02 00:00:00+00:00,Brooklyn Nets,Atlanta Hawks
2015-05-03 00:00:00+00:00,Los Angeles Clippers,San Antonio Spurs
2015-05-03 17:00:00+00:00,Atlanta Hawks,Washington Wizards
2015-05-03 19:30:00+00:00,Golden State Warriors,Memphis Grizzlies
2015-05-04 23:00:00+00:00,Cleveland Cavaliers,Chicago Bulls
2015-05-05 01:30:00+00:00,Houston Rockets,Los Angeles Clippers
2015-05-06 00:00:00+00:00,Atlanta Hawks,Washington Wizards
2015-05-06 02:30:00+00:00,Golden State Warriors,Memphis Grizzlies
2015-05-06 23:00:00+00:00,Cleveland Cavaliers,Chicago Bulls
2015-05-07 01:30:00+00:00,Houston Rockets,Los Angeles Clippers
2015-05-09 00:00:00+00:00,Chicago Bulls,Cleveland Cavaliers
2015-05-09 02:30:00+00:00,Los Angeles Clippers,Houston Rockets
2015-05-10 00:00:00+00:00,Memphis Grizzlies,Golden State Warriors
2015-05-09 21:00:00+00:00,Washington Wizards,Atlanta Hawks
2015-05-10 19:30:00+00:00,Chicago Bulls,Cleveland Cavaliers
2015-05-11 00:30:00+00:00,Los Angeles Clippers,Houston Rockets
2015-05-12 01:30:00+00:00,Memphis Grizzlies,Golden State Warriors
2015-05-11 23:00:00+00:00,Washington Wizards,Atlanta Hawks
2015-05-12 23:00:00+00:00,Cleveland Cavaliers,Chicago Bulls
2015-05-13 01:30:00+00:00,Houston Rockets,Los Angeles Clippers
2015-05-14 00:00:00+00:00,Atlanta Hawks,Washington Wizards
2015-05-14 02:30:00+00:00,Golden State Warriors,Memphis Grizzlies
2015-05-15 00:00:00+00:00,Chicago Bulls,Cleveland Cavaliers
2015-05-15 02:30:00+00:00,Los Angeles Clippers,Houston Rockets
2015-05-16 01:30:00+00:00,Memphis Grizzlies,Golden State Warriors
2015-05-15 23:00:00+00:00,Washington Wizards,Atlanta Hawks
2015-05-17 19:30:00+00:00,Houston Rockets,Los Angeles Clippers
2015-05-20 01:00:00+00:00,Golden State Warriors,Houston Rockets
2015-05-21 00:30:00+00:00,Atlanta Hawks,Cleveland Cavaliers
2015-05-22 01:00:00+00:00,Golden State Warriors,Houston Rockets
2015-05-23 00:30:00+00:00,Atlanta Hawks,Cleveland Cavaliers
2015-05-24 01:00:00+00:00,Houston Rockets,Golden State Warriors
2015-05-25 00:30:00+00:00,Cleveland Cavaliers,Atlanta Hawks
2015-05-26 01:00:00+00:00,Houston Rockets,Golden State Warriors
2015-05-27 00:30:00+00:00,Cleveland Cavaliers,Atlanta Hawks
2015-05-28 01:00:00+00:00,Golden State Warriors,Houston Rockets
2015-06-05 01:00:00+00:00,Golden State Warriors,Cleveland Cavaliers
2015-06-08 00:00:00+00:00,Golden State Warriors,Cleveland Cavaliers
2015-06-10 01:00:00+00:00,Cleveland Cavaliers,Golden State Warriors
2015-06-12 01:00:00+00:00,Cleveland Cavaliers,Golden State Warriors
2015-06-15 00:00:00+00:00,Golden State Warriors,Cleveland Cavaliers
2015-06-17 01:00:00+00:00,Cleveland Cavaliers,Golden State Warriors
